c1_W_regularizer, c1_b_regularizer, c1_dropout, c1_filters, c1_width, c2_W_regularizer, c2_b_regularizer, c2_dropout, c2_filters, c2_width, d1_W_regularizer, d1_b_regularizer, d1_dropout, d1_size, d2_W_regularizer, d2_b_regularizer, d2_dropout, d2_size, embedding_W_regularizer, embedding_b_regularizer, embedding_dim, epochs, learning_rate, margin, auc
0.0001, 0.001, 0.05, 8, 20, 0.001, 0.001, 0.05, 32, 8, 0.1, 0.01, 0.1, 128, 0.01, 0, 0.1, 128, 0.001, 0, 64, 50, 1e-05, 1, 0.533196425153
0.1, 0.1, 0, 16, 20, 0, 0.001, 0.1, 0, 5, 0.1, 0.01, 0.05, 128, 0.001, 0.001, 0.1, 128, 0, 0.0001, 16, 50, 0.001, 1, 0.670735129965
0.0001, 0, 0, 16, 10, 0.1, 0.0001, 0.1, 32, 5, 0.001, 0.0001, 0.1, 128, 0.01, 0, 0.05, 128, 0.001, 0.001, 16, 50, 0.001, 10, 0.676748894454
0.1, 0.1, 0.3, 16, 20, 0.01, 0, 0, 32, 5, 0.001, 0.01, 0.1, 128, 0.1, 0.001, 0.1, 128, 1e-05, 0.01, 16, 50, 0.0001, 1, 0.669084141239
0.01, 0.001, 0, 16, 20, 0.01, 0.001, 0.1, 0, 8, 0.01, 0, 0.05, 128, 0.001, 0.001, 0.1, 128, 0.0001, 0.01, 64, 50, 0.001, 10, 0.720899631583
0.1, 0, 0.3, 16, 20, 0.001, 0.01, 0.1, 8, 8, 0.001, 0.001, 0.05, 128, 0.01, 0.1, 0.1, 128, 0, 0, 64, 50, 0.0001, 10, 0.69528789592
0.0001, 0.01, 0.05, 16, 10, 0.01, 0, 0.1, 32, 5, 0.001, 0.1, 0.1, 128, 0.1, 0.1, 0.1, 128, 0.0001, 0.01, 64, 50, 0.001, 10, 0.70361364188
0.001, 0, 0, 8, 20, 0, 0.001, 0, 16, 3, 0.01, 0.01, 0.1, 128, 0.001, 0.0001, 0.1, 128, 0.0001, 0.0001, 64, 50, 0.0001, 1, 0.623575083422
0.0001, 0.001, 0.1, 8, 10, 0.001, 0, 0.1, 16, 8, 0.001, 0.01, 0.1, 128, 0.1, 0.1, 0.1, 128, 1e-05, 0.001, 64, 50, 0.0001, 10, 0.625087927361
0.001, 0, 0.05, 16, 5, 0, 0, 0.1, 16, 5, 0.01, 0.0001, 0.1, 128, 0.1, 0.0001, 0.1, 128, 1e-05, 0.1, 16, 50, 1e-05, 1, 0.529507836997
0.01, 0.001, 0, 32, 10, 0, 0.1, 0.1, 16, 3, 0.001, 0.001, 0.05, 128, 0.1, 0.0001, 0.05, 128, 0.0001, 0.0001, 16, 50, 0.001, 10, 0.737785513149
0, 0.01, 0.05, 8, 5, 0.0001, 0.001, 0, 0, 5, 0.1, 0.01, 0.1, 128, 0.001, 0.01, 0.05, 128, 1e-05, 0.1, 64, 50, 0.001, 25, 0.670524012211
0.1, 0.1, 0.1, 32, 20, 0.001, 0.01, 0.1, 16, 8, 0.01, 0.01, 0.05, 128, 0.1, 0.0001, 0.1, 128, 0.0001, 0, 64, 50, 1e-05, 25, 0.677113167299
0.1, 0.1, 0.05, 32, 20, 0.0001, 0.1, 0.1, 0, 3, 0.01, 0.01, 0.05, 128, 0.01, 0.1, 0.05, 128, 0.001, 0.1, 64, 50, 0.0001, 10, 0.645189934282
0.01, 0.0001, 0.3, 32, 10, 0.001, 0, 0.1, 32, 3, 0.1, 0.01, 0.1, 128, 0.1, 0, 0.1, 128, 0.001, 0.001, 16, 50, 1e-05, 10, 0.668000307836
0.0001, 0.01, 0, 32, 20, 0.1, 0.01, 0.1, 0, 5, 0.1, 0.001, 0.1, 128, 0.01, 0, 0.05, 128, 1e-05, 0.0001, 16, 50, 0.001, 5, 0.728825611446
0.1, 0, 0.05, 32, 5, 0.001, 0.1, 0.1, 32, 3, 0.1, 0.1, 0.1, 128, 0.1, 0.01, 0.1, 128, 1e-05, 0.0001, 64, 50, 1e-05, 50, 0.684677702726
0.0001, 0.01, 0.05, 16, 10, 0.1, 0.001, 0, 32, 8, 0.001, 0.0001, 0.05, 128, 0.001, 0, 0.05, 128, 0, 0.001, 16, 50, 0.001, 25, 0.688246682045
0.0001, 0.1, 0.3, 16, 5, 0.0001, 0.1, 0, 32, 8, 0.01, 0, 0.05, 128, 0.01, 0.1, 0.1, 128, 0, 0, 64, 50, 1e-05, 50, 0.703464433407
0, 0.001, 0.05, 8, 5, 0.001, 0, 0.1, 16, 8, 0.01, 0.01, 0.05, 128, 0.001, 0.1, 0.05, 128, 0, 0, 64, 50, 1e-05, 5, 0.562064620608
0.001, 0.1, 0.1, 8, 5, 0.001, 0.1, 0, 16, 3, 0.01, 0.01, 0.05, 128, 0.01, 0.01, 0.1, 128, 1e-05, 0.0001, 16, 50, 0.001, 50, 0.70768264455
0.001, 0, 0.1, 8, 10, 0, 0.01, 0.1, 0, 8, 0.001, 0.01, 0.1, 128, 0.01, 0.1, 0.05, 128, 0.0001, 0.1, 16, 50, 0.0001, 10, 0.653192649555
0.001, 0.0001, 0.05, 32, 20, 0.01, 0.1, 0.1, 8, 8, 0.01, 0.01, 0.1, 128, 0.001, 0.001, 0.1, 128, 0, 0.1, 64, 50, 1e-05, 25, 0.687820986668
0, 0.1, 0, 32, 10, 0.0001, 0.0001, 0, 16, 3, 0.01, 0.01, 0.1, 256, 0.001, 0.01, 0.1, 256, 0.001, 0.001, 16, 100, 0.0001, 10, 0.685972298688
0.0001, 0.1, 0.05, 8, 20, 0.01, 0.0001, 0.05, 16, 5, 0.001, 0.001, 0.1, 256, 0.1, 0.001, 0.05, 256, 0.0001, 0.1, 64, 100, 0.0001, 10, 0.697691070579
0.1, 0.1, 0, 16, 5, 0.1, 0.1, 0.1, 0, 3, 0.1, 0.0001, 0.05, 128, 0.1, 0.0001, 0.1, 256, 0.0001, 0.1, 16, 100, 1e-05, 10, 0.657829162745
0.001, 0.01, 0.1, 16, 10, 0, 0.001, 0, 32, 5, 0.001, 0.01, 0.1, 256, 0.001, 0, 0.1, 256, 0, 0.0001, 64, 100, 0.0001, 8, 0.64406817388
0.001, 0.001, 0, 32, 10, 0, 0.1, 0, 16, 3, 0.001, 0.1, 0.05, 128, 0.1, 0.0001, 0.05, 256, 1e-05, 0.1, 16, 100, 0.0001, 15, 0.666562357552
0.1, 0.0001, 0.05, 32, 5, 0.1, 0.001, 0.1, 0, 5, 0.01, 0, 0.1, 256, 0.001, 0.0001, 0.1, 128, 0, 0.001, 16, 100, 0.001, 10, 0.748452261379
0.01, 0.0001, 0.3, 8, 20, 0.1, 0.0001, 0, 32, 3, 0.01, 0.001, 0.1, 128, 0.01, 0.001, 0.1, 256, 0, 0.1, 64, 100, 1e-05, 15, 0.677239340678
0.1, 0.1, 0.05, 8, 5, 0, 0.01, 0.05, 0, 8, 0.001, 0.001, 0.05, 128, 0.01, 0.1, 0.1, 128, 0.0001, 0, 64, 200, 0.001, 10, 0.674020426379
0, 0.01, 0.1, 16, 20, 0.01, 0.1, 0.05, 8, 5, 0.1, 0.001, 0.05, 256, 0.01, 0.01, 0.05, 256, 0.0001, 0, 16, 200, 0.0005, 8, 0.708763083861
0, 0.0001, 0.1, 32, 5, 0.0001, 0.001, 0.1, 16, 3, 0.001, 0.0001, 0.05, 256, 0.1, 0.01, 0.1, 256, 1e-05, 0.001, 16, 200, 0.002, 15, 0.699153542517
0.0001, 0.0001, 0, 8, 10, 0, 0.001, 0, 16, 8, 0.01, 0, 0.1, 128, 0.01, 0.1, 0.05, 256, 1e-05, 0.0001, 64, 200, 0.001, 15, 0.664426960927
0.01, 0.01, 0, 16, 20, 0.1, 0.01, 0, 8, 5, 0.001, 0.0001, 0.1, 128, 0.001, 0.0001, 0.05, 128, 0.001, 0.1, 16, 200, 0.001, 15, 0.672067666082
0.0001, 0.1, 0.05, 32, 10, 0.1, 0.0001, 0.05, 32, 3, 0.001, 0.0001, 0.1, 128, 0.001, 0.1, 0.1, 128, 0.001, 0.01, 64, 200, 0.001, 10, 0.726450194667
0.01, 0.1, 0, 32, 10, 0.0001, 0.001, 0.05, 32, 5, 0.1, 0, 0.05, 128, 0.01, 0.01, 0.05, 256, 1e-05, 0, 64, 200, 0.0001, 8, 0.676703574123
0.1, 0.1, 0, 8, 10, 0.1, 0.001, 0.1, 0, 5, 0.001, 0.01, 0.05, 128, 0.1, 0, 0.05, 256, 0.0001, 0.1, 16, 200, 0.0005, 15, 0.666648288582
0.001, 0.001, 0, 32, 20, 0, 0.1, 0.1, 8, 3, 0.01, 0.1, 0.1, 128, 0.01, 0, 0.1, 256, 0.0001, 0, 16, 200, 0.001, 8, 0.681920950556
0, 0.001, 0.3, 16, 20, 0.0001, 0.0001, 0.05, 16, 8, 0.001, 0.001, 0.1, 256, 0.01, 0.01, 0.1, 128, 1e-05, 0.01, 64, 200, 0.0005, 15, 0.695329006524
0.1, 0.0001, 0, 8, 5, 0, 0.01, 0.1, 8, 3, 0.001, 0, 0.1, 128, 0.01, 0.001, 0.1, 256, 0.0001, 0.0001, 16, 200, 0.002, 8, 0.654234938226
0, 0.01, 0.05, 16, 5, 0.0001, 0.1, 0.05, 0, 3, 0.01, 0, 0.05, 128, 0.001, 0.01, 0.05, 128, 0.001, 0.0001, 64, 200, 0.0001, 10, 0.641189444902
0.0001, 0.01, 0.3, 8, 20, 0.001, 0.001, 0.1, 32, 5, 0.001, 0, 0.1, 256, 0.01, 0, 0.05, 256, 0.0001, 0.001, 64, 200, 0.0001, 10, 0.668023724437
0.001, 0.001, 0, 16, 10, 0.01, 0.01, 0, 32, 5, 0.001, 0.0001, 0.05, 128, 0.01, 0.1, 0.05, 256, 0.0001, 0.001, 16, 200, 0.0005, 15, 0.671000697894
0.0001, 0.01, 0.3, 32, 10, 0.01, 0.001, 0.1, 8, 5, 0.1, 0.001, 0.1, 128, 0.1, 0.01, 0.1, 256, 0.0001, 0.001, 64, 200, 0.001, 10, 0.66999957245
0.01, 0.0001, 0, 16, 5, 0.001, 0.0001, 0.05, 8, 3, 0.001, 0.0001, 0.05, 256, 0.01, 0.1, 0.05, 256, 0.0001, 0.0001, 16, 200, 0.001, 10, 0.720597018067
0.01, 0.001, 0, 32, 20, 0, 0.01, 0.05, 8, 3, 0.001, 0.001, 0.05, 256, 0.1, 0.001, 0.05, 256, 0.0001, 0.0001, 64, 200, 0.001, 10, 0.678322555777
0, 0.0001, 0.05, 32, 20, 0, 0.0001, 0, 16, 8, 0.1, 0.0001, 0.1, 128, 0.1, 0, 0.05, 128, 0.001, 0.0001, 16, 200, 0.0005, 8, 0.662195779881
0.01, 0.001, 0, 32, 10, 0.1, 0.0001, 0.1, 8, 3, 0.001, 0.0001, 0.05, 128, 0.01, 0.001, 0.1, 256, 0.001, 0.001, 16, 200, 0.0005, 8, 0.703799106617
0.001, 0.001, 0.3, 16, 20, 0, 0.01, 0.05, 16, 8, 0.1, 0.01, 0.1, 256, 0.01, 0.001, 0.1, 256, 0.0001, 0.1, 16, 200, 0.0005, 8, 0.673675202544
0.001, 0.0001, 0.3, 32, 20, 0.1, 0.0001, 0, 0, 8, 0.01, 0, 0.05, 128, 0.001, 0.1, 0.1, 256, 0.001, 0.001, 64, 200, 0.002, 8, 0.705923518489
0.1, 0.0001, 0, 8, 10, 0.01, 0.01, 0.1, 8, 5, 0.1, 0, 0.1, 256, 0.01, 0, 0.05, 256, 1e-05, 0.01, 16, 200, 0.0005, 8, 0.694778676949
0.001, 0.001, 0.3, 32, 10, 0.01, 0.001, 0.1, 0, 8, 0.1, 0.1, 0.05, 256, 0.001, 0.001, 0.05, 256, 0.001, 0.0001, 16, 200, 0.001, 8, 0.738801714674
0.001, 0.001, 0, 32, 10, 0, 0.01, 0.05, 32, 5, 0.1, 0, 0.1, 128, 0.1, 0, 0.05, 256, 0, 0.01, 64, 200, 0.0001, 10, 0.686181061627
0.001, 0.1, 0.1, 16, 20, 0.0001, 0.01, 0, 0, 3, 0.01, 0.0001, 0.05, 128, 0.1, 0, 0.1, 128, 0, 0.1, 16, 200, 0.0001, 10, 0.658980364917
0.0001, 0.0001, 0, 16, 10, 0.001, 0.001, 0, 0, 3, 0.01, 0, 0.1, 128, 0.01, 0.1, 0.1, 256, 0.001, 0.1, 64, 200, 0.0001, 8, 0.628642462058
0, 0.0001, 0, 32, 10, 0.01, 0.01, 0, 32, 8, 0.01, 0.01, 0.1, 256, 0.001, 0.001, 0.1, 128, 0.0001, 0.001, 16, 200, 0.002, 15, 0.689073235418
0, 0.0001, 0, 16, 20, 0.001, 0.01, 0, 8, 3, 0.01, 0.0001, 0.05, 128, 0.1, 0.0001, 0.1, 128, 1e-05, 0.01, 64, 200, 0.001, 10, 0.656465001062
0, 0.0001, 0.3, 32, 10, 0.0001, 0.0001, 0, 32, 5, 0.1, 0.01, 0.05, 256, 0.01, 0, 0.05, 256, 0, 0.001, 64, 200, 0.001, 10, 0.711503681208
0.01, 0.1, 0.3, 8, 5, 0.0001, 0.0001, 0, 8, 5, 0.1, 0.01, 0.05, 128, 0.01, 0.001, 0.1, 128, 0.0001, 0.01, 64, 200, 0.0005, 15, 0.738967025348
0.001, 0.01, 0.05, 8, 10, 0.001, 0.0001, 0.1, 0, 3, 0.001, 0.0001, 0.05, 256, 0.01, 0, 0.1, 128, 0.001, 0.1, 64, 200, 0.0001, 8, 0.646522536176
0, 0.1, 0.1, 8, 20, 0.0001, 0.1, 0, 0, 5, 0.1, 0.1, 0.05, 128, 0.1, 0.0001, 0.05, 128, 0.001, 0, 16, 200, 0.0005, 15, 0.687930794737
0.0001, 0.01, 0.3, 8, 20, 0.1, 0.0001, 0.1, 8, 8, 0.01, 0.0001, 0.1, 128, 0.01, 0, 0.1, 256, 0.001, 0.1, 64, 200, 0.002, 10, 0.680060475344
0.001, 0.1, 0.3, 32, 10, 0.001, 0.01, 0, 16, 8, 0.01, 0.0001, 0.1, 128, 0.1, 0.0001, 0.05, 256, 0.0001, 0.0001, 16, 200, 0.002, 15, 0.742287893946
0.001, 0.1, 0.3, 16, 10, 0.01, 0.1, 0, 32, 3, 0.01, 0.001, 0.1, 128, 0.01, 0.01, 0.05, 256, 1e-05, 0.001, 64, 200, 0.002, 15, 0.677007608422
0.0001, 0.0001, 0.3, 16, 5, 0.1, 0.001, 0, 16, 3, 0.1, 0, 0.05, 256, 0.001, 0, 0.1, 256, 1e-05, 0.1, 16, 200, 0.0005, 15, 0.741926831017
0.1, 0.01, 0, 8, 5, 0.1, 0.0001, 0, 32, 8, 0.001, 0.0001, 0.1, 128, 0.01, 0.0001, 0.1, 128, 0, 0.1, 64, 200, 0.0005, 10, 0.657172866475
0.1, 0.01, 0, 8, 20, 0.0001, 0.1, 0.05, 32, 5, 0.01, 0.1, 0.1, 128, 0.001, 0.0001, 0.05, 256, 0.0001, 0, 16, 200, 0.002, 8, 0.680531359498
0.0001, 0.0001, 0.05, 8, 5, 0.1, 0.001, 0.1, 32, 8, 0.1, 0.0001, 0.1, 128, 0.1, 0.001, 0.1, 128, 0.0001, 0.001, 16, 200, 0.001, 10, 0.687902471175
0.1, 0.001, 0.05, 16, 10, 0.1, 0.01, 0.05, 0, 3, 0.001, 0.0001, 0.1, 256, 0.1, 0.001, 0.1, 128, 0.0001, 0.1, 64, 200, 0.0001, 8, 0.653459177827
0.0001, 0.1, 0.05, 8, 20, 0, 0.01, 0, 32, 8, 0.001, 0.0001, 0.05, 128, 0.001, 0.1, 0.05, 256, 0.0001, 0, 64, 200, 0.001, 15, 0.700870242434
0.1, 0.001, 0.05, 8, 20, 0.01, 0.0001, 0, 8, 8, 0.01, 0.1, 0.05, 128, 0.001, 0.001, 0.1, 128, 0.001, 0, 16, 200, 0.002, 15, 0.685886814941
0, 0.0001, 0, 8, 20, 0.0001, 0.1, 0.1, 8, 8, 0.001, 0.001, 0.1, 128, 0.01, 0.0001, 0.05, 256, 0.0001, 0.01, 64, 200, 0.0005, 8, 0.637138004682
0.0001, 0.1, 0.3, 16, 20, 0.001, 0.01, 0.1, 32, 3, 0.001, 0.0001, 0.1, 256, 0.01, 0, 0.05, 256, 1e-05, 0.001, 16, 200, 0.001, 8, 0.660108913503
0.1, 0.0001, 0, 16, 20, 0.1, 0.1, 0.05, 16, 3, 0.01, 0.01, 0.1, 128, 0.1, 0.1, 0.1, 128, 0, 0.1, 64, 200, 0.0001, 10, 0.680976419615
0.01, 0.01, 0, 8, 5, 0.01, 0.0001, 0.1, 16, 8, 0.1, 0.001, 0.1, 256, 0.001, 0.1, 0.05, 128, 0.0001, 0.0001, 64, 200, 0.002, 15, 0.681262944085
0.001, 0.1, 0, 16, 5, 0.001, 0.1, 0.05, 32, 3, 0.1, 0.0001, 0.1, 128, 0.1, 0.1, 0.05, 256, 0.0001, 0.0001, 16, 200, 0.0005, 15, 0.688640199331
0.1, 0.1, 0, 8, 10, 0.1, 0.01, 0.1, 16, 5, 0.01, 0.01, 0.05, 256, 0.1, 0, 0.05, 128, 0.0001, 0.1, 64, 200, 0.001, 10, 0.719989922969
0.1, 0.01, 0.05, 8, 20, 0, 0.001, 0, 32, 3, 0.001, 0.0001, 0.1, 128, 0.001, 0.1, 0.05, 128, 0, 0.0001, 64, 200, 0.0001, 8, 0.651917194691
0.01, 0.001, 0, 32, 20, 0.1, 0.1, 0.1, 16, 5, 0.001, 0.0001, 0.1, 256, 0.1, 0.001, 0.05, 256, 0.0001, 0.01, 16, 200, 0.0005, 8, 0.692763967903
0.0001, 0.001, 0.3, 16, 10, 0, 0.01, 0.1, 16, 3, 0.1, 0.001, 0.1, 256, 0.01, 0.001, 0.05, 128, 0.001, 0.0001, 64, 200, 0.002, 15, 0.698866005082
0.1, 0.01, 0, 32, 10, 0, 0.0001, 0.1, 8, 5, 0.001, 0.1, 0.1, 256, 0.01, 0.1, 0.05, 256, 0.0001, 0, 64, 200, 0.002, 15, 0.706461087333
0.0001, 0.0001, 0.1, 16, 5, 0.0001, 0.001, 0, 32, 5, 0.001, 0.001, 0.05, 256, 0.1, 0.001, 0.1, 128, 0, 0.001, 64, 200, 0.002, 10, 0.690648593787
0.0001, 0.1, 0.3, 16, 5, 0, 0.0001, 0.1, 16, 5, 0.1, 0.001, 0.1, 256, 0.1, 0.01, 0.1, 128, 0, 0, 64, 200, 0.002, 10, 0.696794280561
0.1, 0.001, 0.05, 8, 10, 0.0001, 0.1, 0.1, 0, 8, 0.1, 0, 0.1, 128, 0.001, 0.01, 0.05, 256, 1e-05, 0.01, 16, 200, 0.002, 15, 0.712768966953
0, 0.001, 0, 16, 10, 0, 0.001, 0, 0, 3, 0.001, 0, 0.05, 128, 0.01, 0.1, 0.1, 256, 0.001, 0.01, 64, 200, 0.0001, 10, 0.619159936038
0.0001, 0.0001, 0.3, 16, 10, 0.001, 0.1, 0, 8, 8, 0.01, 0.0001, 0.1, 256, 0.001, 0.1, 0.05, 256, 0, 0, 16, 200, 0.001, 8, 0.688494437571
0.0001, 0.001, 0.1, 16, 5, 0.1, 0.001, 0, 16, 8, 0.01, 0.1, 0.1, 128, 0.01, 0.01, 0.05, 256, 1e-05, 0.001, 64, 200, 0.0005, 15, 0.680895724431
0.001, 0.0001, 0, 16, 10, 0.001, 0.001, 0, 8, 3, 0.1, 0.1, 0.05, 128, 0.01, 0.01, 0.05, 128, 1e-05, 0.001, 16, 200, 0.002, 10, 0.659942129424
0, 0.1, 0.3, 8, 20, 0.001, 0.1, 0.1, 0, 5, 0.1, 0.0001, 0.1, 256, 0.01, 0.0001, 0.1, 128, 0, 0.01, 64, 200, 0.0005, 10, 0.708326311642
0.01, 0.0001, 0, 16, 10, 0.01, 0.001, 0.05, 0, 3, 0.001, 0.001, 0.1, 256, 0.001, 0.001, 0.05, 256, 0.001, 0.001, 16, 200, 0.0001, 10, 0.660767551433
0, 0.001, 0.3, 16, 5, 0.0001, 0.01, 0.1, 0, 5, 0.001, 0.1, 0.05, 128, 0.01, 0.0001, 0.1, 256, 1e-05, 0, 64, 200, 0.002, 8, 0.691719640147
0, 0.01, 0.1, 32, 20, 0.01, 0.001, 0, 32, 5, 0.001, 0.1, 0.05, 256, 0.001, 0.001, 0.05, 256, 0.001, 0.1, 16, 200, 0.0001, 10, 0.668746600153
0.0001, 0.001, 0.1, 32, 5, 0, 0.1, 0, 32, 5, 0.001, 0.001, 0.1, 128, 0.01, 0.0001, 0.05, 128, 0, 0.01, 16, 200, 0.0005, 10, 0.689400778405
0.1, 0.1, 0.3, 32, 5, 0.0001, 0.1, 0.1, 16, 5, 0.001, 0.1, 0.1, 256, 0.01, 0.001, 0.05, 128, 1e-05, 0, 16, 200, 0.0001, 8, 0.692183986071
0.0001, 0.0001, 0.3, 16, 20, 0.0001, 0.0001, 0.1, 16, 5, 0.001, 0.001, 0.05, 128, 0.001, 0.01, 0.05, 256, 0, 0.001, 64, 200, 0.0005, 10, 0.645021084807
0.0001, 0.1, 0.1, 8, 20, 0.01, 0.01, 0, 32, 3, 0.001, 0.001, 0.1, 128, 0.01, 0.1, 0.05, 256, 1e-05, 0.1, 64, 200, 0.0001, 8, 0.69618442283
0.1, 0.1, 0, 8, 10, 0.001, 0.1, 0.1, 8, 3, 0.01, 0, 0.05, 256, 0.01, 0.001, 0.1, 128, 0.0001, 0.01, 64, 200, 0.0001, 15, 0.647318595346
0.01, 0.1, 0, 16, 20, 0.1, 0.01, 0.1, 0, 5, 0.001, 0.0001, 0.1, 128, 0.01, 0.01, 0.1, 256, 0.0001, 0, 64, 200, 0.0001, 15, 0.664967608132
0, 0.01, 0.3, 16, 20, 0.0001, 0.001, 0.1, 0, 8, 0.001, 0.001, 0.05, 128, 0.01, 0.001, 0.05, 256, 0.0001, 0.001, 64, 200, 0.0005, 10, 0.685279167316
0.1, 0.1, 0.05, 16, 10, 0.1, 0.001, 0, 8, 5, 0.001, 0.1, 0.05, 128, 0.001, 0, 0.05, 128, 0.001, 0.1, 64, 200, 0.001, 10, 0.721510397036
0.0001, 0.1, 0.3, 16, 10, 0, 0.01, 0.1, 0, 8, 0.1, 0, 0.05, 128, 0.1, 0.0001, 0.1, 256, 0, 0, 16, 200, 0.002, 8, 0.70502770197
0.0001, 0.0001, 0.1, 8, 20, 0.1, 0.1, 0, 32, 8, 0.01, 0.01, 0.1, 128, 0.1, 0, 0.05, 128, 0.0001, 0.0001, 64, 200, 0.0005, 8, 0.696962393334
0.1, 0.01, 0, 32, 10, 0, 0.0001, 0.1, 32, 8, 0.01, 0.001, 0.1, 128, 0.001, 0, 0.1, 256, 0, 0.001, 16, 200, 0.001, 10, 0.683945618234
0.1, 0.01, 0.1, 32, 5, 0.001, 0.1, 0.1, 0, 5, 0.001, 0, 0.1, 256, 0.001, 0, 0.05, 256, 0.0001, 0.1, 64, 200, 0.001, 15, 0.7309479053
0.0001, 0.1, 0, 8, 5, 0.01, 0.01, 0.1, 16, 5, 0.1, 0, 0.1, 128, 0.01, 0.01, 0.1, 256, 0.0001, 0.1, 16, 200, 0.002, 15, 0.693140909393
0.001, 0.0001, 0.3, 32, 5, 0.01, 0.01, 0.05, 16, 8, 0.001, 0.0001, 0.1, 128, 0.001, 0.001, 0.05, 128, 0.0001, 0.001, 64, 200, 0.0001, 10, 0.690801419993
0.0001, 0.001, 0.05, 32, 5, 0.001, 0.1, 0.05, 16, 3, 0.1, 0.1, 0.05, 256, 0.01, 0.01, 0.05, 128, 0.001, 0.0001, 64, 200, 0.002, 15, 0.69498166467
0.001, 0.0001, 0.1, 8, 5, 0.1, 0.01, 0.1, 16, 5, 0.001, 0.1, 0.05, 128, 0.01, 0.001, 0.05, 128, 0.0001, 0.0001, 16, 200, 0.0005, 10, 0.657203334366
0, 0.1, 0, 8, 5, 0.1, 0.001, 0, 0, 5, 0.01, 0.1, 0.1, 256, 0.1, 0.1, 0.1, 128, 0.0001, 0.001, 16, 200, 0.0001, 10, 0.629488801142
0.1, 0.001, 0.3, 8, 5, 0.1, 0.0001, 0.1, 16, 8, 0.01, 0.001, 0.05, 256, 0.001, 0.1, 0.05, 256, 0.0001, 0.01, 16, 200, 0.002, 10, 0.689650309908
0.1, 0.001, 0.3, 16, 10, 0, 0.01, 0, 0, 3, 0.001, 0.0001, 0.05, 128, 0.001, 0.001, 0.1, 128, 0.0001, 0.0001, 16, 200, 0.0001, 15, 0.68126661444
0.01, 0.01, 0.3, 32, 20, 0.0001, 0.1, 0.05, 8, 5, 0.01, 0.001, 0.1, 128, 0.1, 0.0001, 0.05, 256, 0.001, 0.01, 16, 200, 0.001, 15, 0.711808215412
0, 0.01, 0, 8, 10, 0.001, 0.01, 0.05, 32, 5, 0.1, 0.1, 0.05, 128, 0.001, 0.001, 0.1, 128, 1e-05, 0.001, 64, 200, 0.0001, 15, 0.613325611117
0.01, 0.01, 0.1, 8, 5, 0.0001, 0.0001, 0, 0, 8, 0.1, 0.1, 0.05, 128, 0.01, 0.1, 0.05, 256, 1e-05, 0.001, 64, 200, 0.002, 15, 0.717922894923
0, 0.001, 0.1, 8, 10, 0.01, 0.1, 0.05, 16, 5, 0.01, 0, 0.1, 256, 0.01, 0.0001, 0.05, 256, 0.001, 0.01, 64, 200, 0.002, 15, 0.68238129724
0.001, 0.0001, 0, 8, 10, 0.001, 0.1, 0.05, 16, 8, 0.001, 0.001, 0.05, 128, 0.1, 0, 0.05, 256, 0, 0.1, 16, 200, 0.0005, 8, 0.703050393708
0.001, 0.001, 0.05, 32, 5, 0.01, 0.01, 0, 16, 5, 0.001, 0.1, 0.05, 256, 0.001, 0.001, 0.1, 256, 0.001, 0.0001, 64, 200, 0.0005, 8, 0.676710020266
0.0001, 0.01, 0, 8, 20, 0, 0.1, 0.05, 0, 5, 0.01, 0.001, 0.1, 128, 0.001, 0.1, 0.1, 128, 0.0001, 0.01, 64, 200, 0.002, 15, 0.696394172424
0.001, 0.0001, 0.3, 8, 5, 0.0001, 0.0001, 0.1, 32, 5, 0.1, 0.01, 0.1, 128, 0.1, 0, 0.1, 256, 0.0001, 0.1, 64, 200, 0.0001, 10, 0.698424931049
0, 0.1, 0.1, 16, 5, 0.1, 0.001, 0, 32, 8, 0.01, 0, 0.1, 128, 0.001, 0.1, 0.1, 256, 0, 0.0001, 64, 200, 0.0001, 15, 0.672512002652
0, 0.0001, 0.05, 8, 5, 0.01, 0.0001, 0.1, 16, 8, 0.01, 0.01, 0.1, 128, 0.001, 0.01, 0.1, 256, 0, 0.01, 64, 200, 0.0001, 8, 0.697272794844
0.001, 0.01, 0.1, 16, 10, 0.0001, 0.0001, 0.05, 0, 5, 0.01, 0.1, 0.1, 128, 0.01, 0.001, 0.05, 128, 0, 0.1, 64, 200, 0.002, 8, 0.726218186148
0.001, 0.01, 0.1, 16, 5, 0.01, 0.0001, 0.05, 32, 5, 0.001, 0.1, 0.05, 128, 0.1, 0.001, 0.1, 256, 1e-05, 0.0001, 64, 200, 0.002, 10, 0.687219166882
0.0001, 0.001, 0.05, 32, 5, 0.1, 0.001, 0.1, 32, 3, 0.1, 0.1, 0.1, 256, 0.1, 0.001, 0.05, 256, 0.0001, 0, 16, 200, 0.0001, 10, 0.729081431228
0.1, 0.1, 0.3, 8, 10, 0.0001, 0.0001, 0.1, 0, 3, 0.001, 0.1, 0.1, 128, 0.01, 0.1, 0.05, 128, 0.001, 0.0001, 16, 200, 0.0001, 10, 0.694098030046
0, 0.001, 0.1, 16, 5, 0.01, 0.1, 0.1, 8, 3, 0.001, 0, 0.1, 256, 0.01, 0.0001, 0.1, 256, 0.001, 0, 16, 200, 0.001, 15, 0.70611779734
0.1, 0.1, 0.1, 8, 5, 0.1, 0.1, 0, 0, 5, 0.01, 0.001, 0.1, 128, 0.001, 0.001, 0.05, 256, 1e-05, 0.001, 16, 200, 0.0001, 15, 0.662714668066
0, 0.001, 0, 32, 20, 0.0001, 0.001, 0.05, 8, 3, 0.1, 0, 0.1, 128, 0.01, 0.1, 0.1, 128, 0.0001, 0.0001, 16, 200, 0.0001, 15, 0.687317648158
0, 0.01, 0, 8, 20, 0, 0.001, 0, 16, 3, 0.1, 0.001, 0.05, 256, 0.1, 0.001, 0.05, 256, 1e-05, 0, 16, 200, 0.001, 10, 0.687987349774
0.001, 0.01, 0, 16, 5, 0.0001, 0.01, 0.1, 0, 3, 0.1, 0.01, 0.05, 128, 0.001, 0, 0.1, 128, 1e-05, 0, 64, 200, 0.001, 10, 0.673367800464
0.001, 0.1, 0.1, 32, 5, 0.001, 0.0001, 0.05, 32, 5, 0.1, 0, 0.1, 128, 0.1, 0.0001, 0.05, 256, 0.001, 0.01, 64, 200, 0.001, 10, 0.714690443725
0.0001, 0.01, 0, 16, 5, 0.01, 0.0001, 0.1, 8, 5, 0.001, 0.1, 0.05, 256, 0.001, 0.001, 0.05, 128, 1e-05, 0, 16, 200, 0.0005, 8, 0.680791994154
0.001, 0.1, 0.3, 8, 20, 0, 0.01, 0.05, 8, 5, 0.1, 0.1, 0.1, 128, 0.001, 0.01, 0.05, 128, 0, 0, 64, 200, 0.0001, 8, 0.719987357667
0, 0.0001, 0.3, 32, 20, 0, 0.0001, 0.05, 8, 8, 0.001, 0.001, 0.05, 256, 0.1, 0.0001, 0.1, 256, 0.001, 0, 64, 200, 0.0001, 15, 0.674116223955
0.1, 0.001, 0, 16, 5, 0.0001, 0.001, 0.1, 16, 5, 0.001, 0.001, 0.1, 256, 0.1, 0.0001, 0.1, 128, 0.001, 0.01, 16, 200, 0.002, 8, 0.697891756107
0.001, 0.01, 0.1, 32, 5, 0, 0.001, 0, 0, 8, 0.001, 0.0001, 0.1, 256, 0.001, 0, 0.1, 128, 1e-05, 0, 16, 200, 0.0001, 15, 0.64324435683
0.01, 0.001, 0, 8, 5, 0.1, 0.1, 0.1, 32, 8, 0.001, 0.1, 0.1, 128, 0.001, 0.001, 0.1, 256, 0.001, 0.01, 64, 200, 0.001, 10, 0.698985403433
0.1, 0.01, 0.1, 8, 5, 0.1, 0.01, 0.05, 0, 5, 0.01, 0, 0.1, 128, 0.01, 0.1, 0.05, 128, 1e-05, 0.1, 16, 200, 0.0005, 8, 0.665820117096
0.0001, 0.001, 0.05, 16, 10, 0, 0.001, 0, 0, 8, 0.001, 0.0001, 0.05, 256, 0.01, 0.001, 0.05, 128, 0.0001, 0.001, 64, 200, 0.0005, 8, 0.652055839383
0.0001, 0.0001, 0.3, 32, 5, 0.001, 0.1, 0, 8, 5, 0.1, 0, 0.1, 128, 0.01, 0.001, 0.05, 256, 0.001, 0.01, 16, 200, 0.0001, 8, 0.677301447291
0.0001, 0.0001, 0.1, 32, 10, 0.1, 0.01, 0.05, 0, 5, 0.1, 0.01, 0.05, 128, 0.1, 0, 0.1, 128, 0.0001, 0.01, 64, 200, 0.001, 10, 0.733705959854
0.1, 0.01, 0.1, 8, 20, 0.1, 0.1, 0.1, 0, 8, 0.1, 0.01, 0.1, 256, 0.1, 0.0001, 0.05, 256, 0, 0.0001, 16, 200, 0.0001, 15, 0.683537774726
0.1, 0.1, 0, 8, 5, 0.0001, 0.01, 0, 16, 8, 0.1, 0.01, 0.05, 256, 0.1, 0, 0.05, 128, 0.001, 0.1, 16, 200, 0.001, 8, 0.689571403858
0, 0.001, 0, 16, 20, 0.001, 0.01, 0.1, 16, 5, 0.01, 0.01, 0.05, 256, 0.1, 0.01, 0.05, 128, 0, 0.1, 16, 200, 0.0005, 8, 0.67814897036
0.1, 0.0001, 0, 32, 5, 0, 0.01, 0.05, 32, 3, 0.01, 0, 0.1, 128, 0.1, 0.001, 0.05, 128, 0.001, 0.01, 64, 200, 0.0001, 15, 0.723229267593
0.0001, 0.0001, 0.3, 8, 5, 0, 0.1, 0.1, 0, 5, 0.001, 0.0001, 0.1, 256, 0.01, 0.001, 0.1, 128, 0, 0.001, 64, 200, 0.001, 8, 0.672132601104
0.001, 0.0001, 0, 32, 10, 0.001, 0.1, 0.05, 0, 5, 0.001, 0.0001, 0.05, 128, 0.01, 0, 0.05, 256, 0.001, 0.0001, 64, 200, 0.001, 8, 0.716894774612
0.1, 0.0001, 0.1, 8, 20, 0, 0.01, 0.1, 0, 5, 0.01, 0.01, 0.1, 128, 0.001, 0.1, 0.1, 256, 0.0001, 0.1, 16, 200, 0.0001, 8, 0.678633601901
0, 0.1, 0, 16, 5, 0, 0.0001, 0, 0, 3, 0.1, 0.001, 0.05, 256, 0.01, 0.001, 0.1, 256, 0.0001, 0, 16, 200, 0.0001, 15, 0.672661263747
0, 0.0001, 0.1, 16, 10, 0.001, 0.0001, 0.05, 8, 3, 0.1, 0.0001, 0.05, 256, 0.01, 0.001, 0.1, 128, 0, 0.01, 16, 200, 0.002, 10, 0.675640381533
0.001, 0.0001, 0.3, 8, 20, 0.01, 0.0001, 0.1, 32, 3, 0.01, 0.001, 0.05, 128, 0.001, 0, 0.05, 256, 0.0001, 0, 64, 200, 0.0001, 8, 0.652189563958
0.01, 0.01, 0, 8, 20, 0.001, 0.1, 0.05, 32, 8, 0.1, 0.001, 0.1, 128, 0.1, 0.1, 0.1, 128, 0.001, 0, 64, 200, 0.0001, 10, 0.676809238244
0, 0.01, 0, 8, 10, 0.01, 0.01, 0.1, 16, 3, 0.001, 0.01, 0.1, 256, 0.001, 0.1, 0.1, 128, 0.0001, 0.01, 16, 200, 0.002, 15, 0.676873673361
0.0001, 0.01, 0.1, 16, 20, 0, 0.1, 0.05, 8, 3, 0.001, 0.001, 0.05, 256, 0.001, 0.01, 0.1, 128, 0.0001, 0, 64, 200, 0.002, 8, 0.708784079869
0.01, 0.001, 0.05, 16, 20, 0.1, 0.01, 0, 32, 8, 0.001, 0.1, 0.1, 128, 0.001, 0.001, 0.05, 128, 1e-05, 0.01, 16, 200, 0.002, 15, 0.692230885049
0.01, 0.1, 0, 16, 10, 0.0001, 0.0001, 0, 16, 5, 0.1, 0.01, 0.1, 128, 0.1, 0.01, 0.05, 128, 1e-05, 0.1, 64, 200, 0.001, 8, 0.666565146495
0.001, 0.0001, 0, 32, 10, 0.01, 0.0001, 0, 0, 8, 0.01, 0.01, 0.1, 256, 0.001, 0.001, 0.05, 256, 0, 0.01, 16, 200, 0.002, 8, 0.703036804187
0.0001, 0.001, 0.3, 8, 5, 0, 0.1, 0.05, 8, 3, 0.001, 0.0001, 0.05, 256, 0.001, 0.001, 0.05, 128, 0.001, 0.001, 16, 200, 0.0005, 15, 0.676739488347
0, 0.1, 0, 8, 5, 0, 0.001, 0, 16, 8, 0.001, 0.0001, 0.1, 128, 0.001, 0.01, 0.1, 256, 0.001, 0.001, 16, 200, 0.001, 8, 0.658272262708
0.1, 0.01, 0.1, 8, 5, 0.0001, 0.001, 0, 8, 3, 0.001, 0.001, 0.05, 128, 0.01, 0.001, 0.05, 128, 0, 0.001, 64, 200, 0.0005, 15, 0.665120276474
0.1, 0.01, 0.05, 16, 20, 0.001, 0.01, 0, 32, 5, 0.01, 0.001, 0.05, 256, 0.01, 0.0001, 0.1, 256, 0.0001, 0.1, 64, 200, 0.0005, 8, 0.679550243408
0, 0.0001, 0.3, 8, 5, 0.1, 0.1, 0, 0, 8, 0.1, 0.001, 0.05, 128, 0.1, 0.1, 0.1, 128, 0.001, 0.1, 64, 200, 0.002, 10, 0.735176772311
0, 0.001, 0, 16, 10, 0.0001, 0.001, 0, 32, 3, 0.1, 0.0001, 0.1, 256, 0.01, 0, 0.05, 128, 0.0001, 0.001, 64, 200, 0.0001, 15, 0.637021066389
0.1, 0.001, 0, 16, 20, 0, 0.001, 0, 16, 8, 0.1, 0.0001, 0.05, 128, 0.01, 0.001, 0.1, 256, 1e-05, 0.1, 16, 200, 0.0001, 10, 0.654531802835
0.0001, 0.1, 0.1, 32, 10, 0.001, 0.1, 0, 8, 3, 0.1, 0.1, 0.1, 256, 0.1, 0.001, 0.1, 128, 0, 0.1, 64, 200, 0.002, 10, 0.688007569613
0, 0.01, 0.05, 16, 5, 0, 0.001, 0.1, 0, 3, 0.1, 0.001, 0.1, 128, 0.01, 0.1, 0.1, 256, 0.0001, 0.0001, 64, 200, 0.0005, 15, 0.672064482477
0.01, 0.001, 0, 8, 10, 0, 0.1, 0.1, 32, 8, 0.01, 0, 0.1, 128, 0.1, 0.01, 0.1, 256, 0.001, 0.001, 16, 200, 0.002, 15, 0.683891036507
0, 0.1, 0.05, 8, 5, 0.01, 0.001, 0.05, 32, 8, 0.01, 0.0001, 0.1, 256, 0.1, 0, 0.1, 128, 0.001, 0.001, 64, 200, 0.002, 10, 0.710624914079
0.1, 0.1, 0, 8, 10, 0.001, 0.01, 0, 8, 8, 0.1, 0.1, 0.05, 128, 0.001, 0.0001, 0.05, 256, 0.0001, 0, 64, 200, 0.0005, 8, 0.667681565808
0.01, 0.01, 0.1, 8, 5, 0, 0.0001, 0, 32, 5, 0.01, 0, 0.05, 128, 0.001, 0.1, 0.1, 256, 0.001, 0.0001, 64, 200, 0.001, 15, 0.669713337398
0.1, 0.0001, 0.1, 16, 5, 0.1, 0.001, 0.05, 32, 3, 0.1, 0, 0.05, 128, 0.001, 0.1, 0.1, 256, 0.0001, 0.0001, 16, 200, 0.0005, 10, 0.703193905896
0.01, 0.01, 0, 32, 5, 0.01, 0.001, 0, 0, 3, 0.01, 0.1, 0.05, 128, 0.001, 0.001, 0.05, 128, 0.001, 0.001, 64, 200, 0.002, 15, 0.706897675376
0, 0.0001, 0.05, 16, 20, 0.1, 0.001, 0.05, 32, 8, 0.01, 0.001, 0.1, 128, 0.01, 0.01, 0.1, 128, 0.001, 0.001, 64, 200, 0.0001, 10, 0.665145350654
0.1, 0.0001, 0.05, 8, 5, 0, 0.001, 0, 0, 3, 0.1, 0.0001, 0.05, 128, 0.1, 0.01, 0.1, 128, 0.001, 0.01, 16, 200, 0.0001, 15, 0.644491856483
0.0001, 0.0001, 0.1, 16, 10, 0.001, 0.01, 0.05, 8, 8, 0.1, 0.1, 0.1, 128, 0.01, 0.1, 0.1, 128, 0.0001, 0.1, 16, 200, 0.002, 10, 0.682116571257
0.01, 0.1, 0.05, 32, 5, 0.1, 0.001, 0.05, 0, 3, 0.001, 0.01, 0.05, 256, 0.1, 0, 0.1, 256, 0, 0.001, 16, 200, 0.001, 8, 0.704530796447
0.001, 0.01, 0.3, 16, 20, 0, 0.001, 0.05, 16, 3, 0.001, 0.1, 0.05, 256, 0.01, 0, 0.05, 256, 0.001, 0.0001, 16, 200, 0.0005, 15, 0.736983297255
0.01, 0.1, 0.1, 8, 20, 0, 0.001, 0, 8, 5, 0.1, 0.1, 0.05, 256, 0.001, 0.01, 0.1, 128, 0, 0.1, 64, 200, 0.0005, 15, 0.642385717452
0.001, 0.0001, 0, 16, 10, 0.001, 0.0001, 0, 8, 5, 0.01, 0.0001, 0.1, 128, 0.001, 0, 0.05, 256, 0, 0, 64, 200, 0.0005, 10, 0.703701533064
0.0001, 0.1, 0.05, 16, 5, 0.1, 0.001, 0.1, 32, 5, 0.001, 0.1, 0.05, 128, 0.01, 0.01, 0.1, 128, 0.0001, 0, 64, 200, 0.0005, 10, 0.687991230615
0.01, 0.001, 0.3, 32, 20, 0.0001, 0.01, 0, 16, 5, 0.01, 0.001, 0.05, 128, 0.01, 0.0001, 0.1, 128, 0.0001, 0.001, 16, 200, 0.0001, 8, 0.705268879799
0.0001, 0.1, 0.3, 32, 10, 0, 0.1, 0.05, 16, 5, 0.01, 0, 0.1, 128, 0.001, 0, 0.05, 256, 1e-05, 0.0001, 64, 200, 0.0005, 15, 0.719918357628
0.001, 0.0001, 0, 32, 20, 0.01, 0.1, 0, 32, 8, 0.1, 0.001, 0.1, 128, 0.001, 0.1, 0.1, 256, 1e-05, 0, 16, 200, 0.0001, 15, 0.641655185297
0.0001, 0.01, 0.3, 16, 10, 0.0001, 0.001, 0.1, 16, 8, 0.001, 0.0001, 0.05, 128, 0.1, 0.001, 0.1, 256, 0, 0, 64, 200, 0.002, 15, 0.655477872957
0.01, 0.001, 0, 8, 20, 0.001, 0.1, 0, 0, 8, 0.01, 0.0001, 0.05, 128, 0.01, 0.01, 0.05, 256, 0.0001, 0.0001, 16, 200, 0.001, 10, 0.652459525788
0.01, 0.0001, 0.3, 32, 5, 0.1, 0.01, 0.05, 8, 5, 0.1, 0.1, 0.05, 256, 0.001, 0.1, 0.1, 256, 0.001, 0.1, 64, 200, 0.001, 10, 0.713910026317
0, 0.1, 0, 16, 20, 0.01, 0.01, 0.1, 8, 3, 0.01, 0.1, 0.1, 128, 0.01, 0.1, 0.05, 128, 0.0001, 0.001, 64, 200, 0.001, 15, 0.626812362649
0.01, 0.01, 0.1, 32, 10, 0.001, 0.01, 0, 32, 3, 0.1, 0.0001, 0.05, 128, 0.1, 0.01, 0.05, 256, 0, 0.01, 16, 200, 0.002, 10, 0.717368894993
0, 0.1, 0, 16, 5, 0.001, 0.1, 0.1, 8, 3, 0.1, 0.001, 0.1, 128, 0.01, 0.001, 0.1, 128, 0.0001, 0.001, 16, 200, 0.0001, 10, 0.66009695525
0.001, 0.1, 0.3, 32, 10, 0, 0.001, 0.05, 0, 8, 0.001, 0, 0.1, 256, 0.001, 0.001, 0.1, 256, 0, 0, 16, 200, 0.001, 15, 0.727156218324
0, 0.0001, 0.3, 16, 10, 0.0001, 0.01, 0.05, 16, 8, 0.001, 0.1, 0.05, 256, 0.001, 0, 0.05, 128, 0, 0.1, 64, 200, 0.0005, 8, 0.672702795324
0.001, 0.0001, 0.1, 8, 10, 0.01, 0.001, 0.1, 32, 5, 0.1, 0, 0.05, 256, 0.001, 0.001, 0.05, 256, 0.0001, 0.001, 16, 200, 0.0005, 10, 0.700807780626
0.001, 0.0001, 0, 8, 10, 0, 0.01, 0.1, 32, 3, 0.1, 0.1, 0.1, 256, 0.001, 0.01, 0.05, 256, 0, 0.0001, 64, 200, 0.001, 8, 0.675480201462
0, 0.001, 0.1, 8, 10, 0, 0.001, 0.05, 8, 8, 0.001, 0.001, 0.05, 128, 0.1, 0, 0.05, 128, 0.001, 0.001, 16, 200, 0.002, 8, 0.741080847128
0.0001, 0.0001, 0.1, 16, 10, 0.1, 0.1, 0, 32, 8, 0.001, 0, 0.05, 256, 0.1, 0.0001, 0.1, 128, 0.001, 0, 16, 200, 0.001, 10, 0.664506077463
0.001, 0.0001, 0, 8, 20, 0.0001, 0.001, 0.1, 16, 5, 0.001, 0.1, 0.05, 128, 0.01, 0.001, 0.1, 128, 0.001, 0.001, 64, 200, 0.0001, 15, 0.653441049695
0, 0.001, 0.3, 32, 10, 0.0001, 0.0001, 0.05, 32, 8, 0.1, 0.1, 0.05, 256, 0.1, 0, 0.1, 256, 0.001, 0.001, 16, 200, 0.002, 10, 0.707883566874
0, 0.001, 0.3, 16, 10, 0.0001, 0.0001, 0, 16, 5, 0.001, 0.0001, 0.05, 256, 0.1, 0.1, 0.1, 128, 0.0001, 0.01, 64, 200, 0.002, 10, 0.689803938593
0.01, 0.0001, 0.05, 16, 10, 0.1, 0.1, 0.1, 8, 3, 0.1, 0.001, 0.05, 256, 0.1, 0.01, 0.1, 256, 0.001, 0.0001, 16, 200, 0.0001, 15, 0.749237177931
0.0001, 0.0001, 0.1, 16, 5, 0.01, 0.001, 0, 8, 5, 0.001, 0, 0.1, 128, 0.1, 0, 0.1, 128, 0.001, 0.0001, 64, 200, 0.002, 8, 0.672304607874
0, 0.001, 0.3, 32, 20, 0.01, 0.01, 0.05, 0, 3, 0.001, 0.1, 0.1, 128, 0.1, 0, 0.05, 128, 0.001, 0, 64, 200, 0.001, 15, 0.698387096138
0.1, 0.0001, 0.05, 8, 20, 0.1, 0.01, 0.1, 16, 5, 0.01, 0, 0.05, 128, 0.001, 0.1, 0.05, 256, 0, 0.01, 16, 200, 0.0005, 8, 0.730976899787
0.0001, 0.1, 0.1, 8, 10, 0.01, 0.1, 0.1, 0, 5, 0.1, 0.001, 0.1, 128, 0.01, 0.001, 0.1, 256, 0.0001, 0, 64, 200, 0.002, 8, 0.726287080943
0.01, 0.01, 0, 16, 20, 0, 0.01, 0, 0, 3, 0.1, 0.01, 0.1, 256, 0.001, 0.001, 0.1, 128, 1e-05, 0.01, 64, 200, 0.0001, 10, 0.64237261468
0.0001, 0.1, 0.3, 8, 10, 0.1, 0.01, 0.1, 0, 5, 0.001, 0.0001, 0.1, 128, 0.001, 0.1, 0.05, 256, 0.001, 0.1, 64, 200, 0.0005, 10, 0.667676343116
0.001, 0.1, 0, 8, 20, 0.1, 0.0001, 0, 16, 5, 0.01, 0.1, 0.05, 128, 0.001, 0.01, 0.05, 128, 1e-05, 0.0001, 64, 200, 0.0001, 15, 0.632790265535
0.0001, 0.001, 0, 8, 20, 0.1, 0.01, 0.05, 8, 8, 0.001, 0, 0.05, 128, 0.01, 0, 0.05, 128, 0.001, 0.001, 64, 200, 0.0001, 10, 0.662584455982
0, 0.1, 0.3, 32, 20, 0.001, 0.01, 0.1, 16, 3, 0.01, 0.1, 0.1, 256, 0.01, 0.1, 0.1, 256, 0, 0.0001, 16, 200, 0.0001, 10, 0.676155757228
0.001, 0.01, 0.3, 16, 10, 0.01, 0.001, 0.05, 0, 5, 0.1, 0.01, 0.05, 256, 0.01, 0.001, 0.05, 128, 0.001, 0.0001, 64, 200, 0.002, 8, 0.728556715203
0.0001, 0.001, 0.05, 8, 5, 0.0001, 0.1, 0.1, 16, 3, 0.01, 0.001, 0.05, 256, 0.01, 0.01, 0.1, 128, 0.001, 0.001, 16, 200, 0.0001, 8, 0.697666838345
0.0001, 0.01, 0.05, 32, 10, 0.0001, 0.001, 0.1, 16, 3, 0.01, 0, 0.1, 128, 0.001, 0.01, 0.1, 128, 0.0001, 0.1, 64, 200, 0.002, 8, 0.715655233972
0.01, 0.001, 0, 32, 20, 0.01, 0.001, 0, 8, 3, 0.001, 0.1, 0.05, 128, 0.001, 0.1, 0.1, 256, 0.001, 0.1, 64, 200, 0.002, 10, 0.687647769602
0.1, 0.001, 0.3, 8, 5, 0.001, 0.1, 0, 0, 5, 0.1, 0, 0.05, 256, 0.01, 0.001, 0.1, 256, 1e-05, 0, 16, 200, 0.002, 15, 0.7421113091
0.1, 0.0001, 0, 16, 5, 0.0001, 0.001, 0.05, 0, 5, 0.01, 0.0001, 0.1, 128, 0.1, 0.0001, 0.1, 128, 0.0001, 0.1, 64, 200, 0.0005, 8, 0.689760552106
0.01, 0.0001, 0, 16, 5, 0.1, 0.01, 0, 8, 5, 0.01, 0.1, 0.05, 256, 0.001, 0.01, 0.05, 128, 0.0001, 0.1, 64, 200, 0.001, 15, 0.698074681853
0.0001, 0.0001, 0.1, 32, 10, 0.01, 0.01, 0.1, 16, 8, 0.001, 0.0001, 0.05, 256, 0.01, 0.01, 0.1, 128, 0.0001, 0.001, 16, 200, 0.0005, 10, 0.688054915875
0, 0.01, 0.1, 16, 5, 0.0001, 0.1, 0.05, 32, 5, 0.01, 0, 0.05, 256, 0.001, 0.1, 0.1, 128, 0.001, 0.001, 64, 200, 0.0005, 10, 0.639394943988
0.1, 0.01, 0.05, 32, 5, 0.1, 0.1, 0.1, 8, 5, 0.001, 0.001, 0.05, 128, 0.01, 0.01, 0.05, 128, 0, 0.001, 64, 200, 0.002, 10, 0.706021328839
0.01, 0.0001, 0.3, 8, 10, 0.01, 0.001, 0.1, 16, 8, 0.1, 0.1, 0.05, 128, 0.001, 0.0001, 0.1, 128, 0, 0.1, 16, 200, 0.0005, 8, 0.678865005272
0.0001, 0.0001, 0, 16, 5, 0.01, 0.001, 0, 8, 8, 0.001, 0.1, 0.1, 128, 0.001, 0.001, 0.05, 256, 1e-05, 0.01, 64, 200, 0.002, 15, 0.673269266567
0.01, 0.1, 0, 32, 5, 0.1, 0.001, 0.05, 0, 5, 0.001, 0.01, 0.05, 128, 0.1, 0.01, 0.1, 128, 0.001, 0.0001, 64, 200, 0.0001, 8, 0.590132810275
0.1, 0.0001, 0, 8, 20, 0, 0.1, 0.1, 16, 8, 0.01, 0, 0.1, 256, 0.1, 0.0001, 0.05, 256, 1e-05, 0.1, 16, 200, 0.002, 15, 0.679407244281
0.01, 0.1, 0, 8, 20, 0, 0.01, 0.05, 16, 5, 0.01, 0.1, 0.1, 128, 0.01, 0, 0.05, 128, 0.0001, 0.0001, 16, 200, 0.001, 8, 0.701269929599
0.01, 0.001, 0, 8, 20, 0.01, 0.0001, 0.1, 8, 8, 0.01, 0, 0.05, 256, 0.01, 0.0001, 0.1, 256, 0.0001, 0.0001, 64, 200, 0.0001, 10, 0.606343122919
0.001, 0.0001, 0, 16, 10, 0.0001, 0.001, 0.1, 8, 8, 0.01, 0.1, 0.05, 256, 0.01, 0.0001, 0.1, 256, 1e-05, 0.001, 64, 200, 0.0005, 8, 0.662561657685
0, 0.0001, 0.05, 16, 5, 0.001, 0.1, 0.1, 0, 8, 0.001, 0.0001, 0.05, 128, 0.001, 0.0001, 0.1, 128, 1e-05, 0.001, 64, 200, 0.002, 10, 0.666904239918
0.001, 0.01, 0, 32, 10, 0.001, 0.1, 0.05, 0, 8, 0.01, 0.0001, 0.1, 256, 0.001, 0, 0.1, 256, 1e-05, 0.01, 64, 200, 0.0005, 10, 0.681791133133
0, 0.001, 0, 8, 20, 0.01, 0.1, 0.1, 16, 3, 0.001, 0.1, 0.1, 256, 0.1, 0.0001, 0.05, 256, 0.0001, 0.001, 16, 200, 0.0005, 15, 0.662693527349
0.001, 0.0001, 0.1, 32, 5, 0.01, 0.1, 0, 0, 8, 0.01, 0.01, 0.05, 256, 0.1, 0.0001, 0.1, 128, 0.001, 0.01, 16, 200, 0.002, 15, 0.720214051407
0.0001, 0.001, 0, 8, 20, 0.1, 0.01, 0.1, 0, 8, 0.1, 0.01, 0.05, 256, 0.001, 0.001, 0.1, 256, 1e-05, 0.1, 64, 200, 0.0005, 15, 0.629194251882
0.0001, 0.01, 0.05, 16, 10, 0, 0.0001, 0.1, 32, 3, 0.01, 0.01, 0.05, 128, 0.001, 0.01, 0.05, 128, 0.0001, 0.0001, 16, 200, 0.002, 8, 0.721833348791
0.01, 0.1, 0.1, 8, 5, 0.01, 0.1, 0.05, 16, 5, 0.01, 0, 0.1, 128, 0.001, 0.0001, 0.05, 256, 0.0001, 0.01, 64, 200, 0.0005, 15, 0.71007647888
0.0001, 0.01, 0, 8, 5, 0.001, 0.001, 0.1, 16, 5, 0.1, 0.1, 0.1, 128, 0.1, 0.001, 0.05, 256, 0, 0.01, 16, 200, 0.001, 10, 0.695118309742
0, 0.001, 0.3, 32, 5, 0.001, 0.0001, 0, 16, 8, 0.01, 0.0001, 0.05, 128, 0.01, 0.0001, 0.05, 256, 1e-05, 0.1, 64, 200, 0.002, 10, 0.680886410413
0, 0.001, 0.1, 8, 20, 0.001, 0.0001, 0.05, 16, 5, 0.001, 0.0001, 0.05, 256, 0.01, 0.1, 0.1, 128, 0, 0.0001, 16, 200, 0.002, 15, 0.659147530502
0.0001, 0.1, 0.1, 8, 20, 0.0001, 0.01, 0, 16, 5, 0.1, 0.0001, 0.05, 256, 0.01, 0, 0.1, 256, 0.001, 0.0001, 64, 200, 0.001, 10, 0.634077323456
0, 0.0001, 0, 32, 20, 0.0001, 0.001, 0.1, 8, 8, 0.01, 0.001, 0.1, 256, 0.001, 0, 0.1, 256, 0, 0.1, 64, 200, 0.001, 10, 0.704412647858
0.1, 0.1, 0.1, 8, 5, 0, 0.01, 0, 0, 3, 0.001, 0.1, 0.05, 256, 0.1, 0.001, 0.05, 256, 1e-05, 0.001, 64, 200, 0.0005, 8, 0.637629450716
0.0001, 0.001, 0, 8, 5, 0, 0.01, 0, 16, 5, 0.001, 0, 0.05, 256, 0.1, 0.0001, 0.1, 256, 0.001, 0.0001, 64, 200, 0.001, 8, 0.690629281669
0.01, 0.0001, 0, 8, 10, 0, 0.01, 0.1, 0, 5, 0.001, 0.01, 0.1, 256, 0.001, 0.1, 0.1, 256, 1e-05, 0.1, 16, 200, 0.0001, 10, 0.664181599683
0.01, 0.001, 0.1, 8, 5, 0.001, 0.0001, 0, 16, 5, 0.1, 0, 0.05, 128, 0.1, 0, 0.05, 128, 0, 0.001, 64, 200, 0.002, 8, 0.713613227485
0.01, 0.0001, 0.05, 32, 10, 0.01, 0.0001, 0.05, 0, 3, 0.001, 0.01, 0.05, 256, 0.01, 0.0001, 0.05, 128, 0, 0.01, 64, 200, 0.001, 10, 0.712646976989
0, 0.1, 0.05, 8, 5, 0, 0.01, 0.05, 0, 5, 0.1, 0, 0.1, 128, 0.01, 0.1, 0.1, 128, 0, 0.01, 16, 200, 0.0001, 15, 0.6834523436
0.01, 0.1, 0.1, 32, 5, 0, 0.01, 0.05, 8, 5, 0.1, 0.001, 0.1, 256, 0.01, 0.0001, 0.1, 128, 0.0001, 0.1, 16, 200, 0.0001, 15, 0.706092025924
0.1, 0.001, 0, 32, 20, 0.0001, 0.01, 0, 0, 8, 0.001, 0.0001, 0.05, 256, 0.1, 0.01, 0.1, 128, 1e-05, 0.001, 16, 200, 0.002, 15, 0.692575359027
0.001, 0.01, 0.1, 8, 20, 0, 0.0001, 0.1, 32, 3, 0.01, 0.001, 0.1, 256, 0.1, 0.1, 0.05, 128, 0.001, 0.0001, 64, 200, 0.0001, 10, 0.712074112225
0.0001, 0.01, 0, 32, 20, 0.001, 0.001, 0.1, 8, 5, 0.001, 0, 0.1, 256, 0.001, 0.01, 0.05, 256, 0, 0.1, 64, 200, 0.0005, 15, 0.656586701607
0.0001, 0.0001, 0.1, 32, 5, 0.001, 0.1, 0.05, 32, 8, 0.01, 0.001, 0.05, 128, 0.01, 0.001, 0.05, 256, 1e-05, 0.0001, 64, 200, 0.002, 10, 0.692342179678
0.1, 0.001, 0, 32, 5, 0.1, 0.1, 0.1, 0, 8, 0.01, 0.01, 0.1, 256, 0.001, 0.01, 0.05, 128, 0.001, 0.01, 64, 200, 0.0005, 8, 0.686649972472
0, 0.01, 0.05, 8, 10, 0.1, 0.01, 0, 8, 3, 0.1, 0.0001, 0.05, 256, 0.01, 0.0001, 0.05, 128, 0.001, 0.0001, 16, 200, 0.001, 10, 0.643038501232
0.1, 0.0001, 0.05, 32, 5, 0.01, 0.1, 0.05, 8, 5, 0.01, 0.0001, 0.05, 256, 0.001, 0.0001, 0.05, 128, 1e-05, 0.1, 16, 200, 0.001, 10, 0.740224720431
0.1, 0.001, 0, 8, 10, 0.01, 0.001, 0.1, 16, 3, 0.001, 0.1, 0.05, 256, 0.001, 0.0001, 0.05, 256, 0.001, 0, 64, 200, 0.0005, 8, 0.69792447357
0.0001, 0.1, 0, 8, 10, 0.1, 0.01, 0, 16, 8, 0.01, 0.01, 0.05, 128, 0.01, 0.001, 0.05, 128, 0.001, 0, 16, 200, 0.0005, 15, 0.675566448221
0.1, 0.01, 0.3, 8, 10, 0.001, 0.1, 0.05, 0, 8, 0.01, 0, 0.1, 128, 0.1, 0.1, 0.05, 128, 0.0001, 0.01, 16, 200, 0.002, 8, 0.693384928787
0.01, 0.1, 0.1, 16, 20, 0.01, 0.01, 0.05, 16, 3, 0.01, 0, 0.05, 128, 0.001, 0.0001, 0.1, 256, 0, 0.001, 64, 200, 0.0001, 10, 0.730598800623
0.01, 0.001, 0, 32, 5, 0.0001, 0.001, 0.05, 16, 8, 0.1, 0.001, 0.1, 128, 0.01, 0.01, 0.1, 256, 1e-05, 0.001, 16, 200, 0.0005, 10, 0.669052015768
0.1, 0.0001, 0.3, 8, 10, 0, 0.1, 0, 8, 8, 0.001, 0.0001, 0.05, 128, 0.01, 0.1, 0.05, 256, 0.0001, 0, 16, 200, 0.0001, 10, 0.660829013431
0, 0.01, 0, 8, 10, 0, 0.1, 0.05, 0, 3, 0.001, 0.1, 0.1, 128, 0.1, 0.001, 0.05, 128, 0.001, 0, 64, 200, 0.0005, 15, 0.688727564299
0.1, 0.0001, 0.05, 32, 20, 0.1, 0.01, 0.05, 8, 5, 0.1, 0.001, 0.1, 128, 0.01, 0.001, 0.1, 256, 0.001, 0.1, 16, 200, 0.001, 10, 0.708572922648
0.0001, 0.001, 0.3, 8, 10, 0.0001, 0.1, 0.1, 8, 3, 0.01, 0.01, 0.05, 128, 0.1, 0.01, 0.05, 128, 0.0001, 0.001, 16, 200, 0.001, 15, 0.764731560907
0, 0.01, 0, 8, 10, 0.1, 0.01, 0.1, 8, 8, 0.01, 0.001, 0.1, 128, 0.01, 0.1, 0.1, 256, 0.001, 0.1, 16, 200, 0.002, 15, 0.709073419593
0, 0.0001, 0, 32, 5, 0.001, 0.01, 0.05, 0, 8, 0.1, 0.0001, 0.1, 256, 0.01, 0.01, 0.1, 256, 1e-05, 0, 64, 200, 0.001, 15, 0.739641949656
0.1, 0.0001, 0, 32, 10, 0, 0.001, 0, 16, 5, 0.1, 0.0001, 0.05, 128, 0.01, 0, 0.05, 256, 1e-05, 0.01, 16, 200, 0.001, 8, 0.713090971519
0.001, 0.0001, 0.1, 16, 5, 0, 0.1, 0.1, 0, 8, 0.001, 0.01, 0.1, 256, 0.001, 0.1, 0.05, 128, 0.0001, 0.01, 16, 200, 0.0001, 15, 0.643963075442
0.0001, 0.0001, 0, 16, 5, 0, 0.1, 0, 32, 8, 0.1, 0.1, 0.05, 256, 0.1, 0.0001, 0.1, 256, 0.0001, 0.001, 64, 200, 0.001, 15, 0.641086477637
0, 0.0001, 0, 8, 20, 0.1, 0.01, 0.1, 16, 8, 0.01, 0, 0.05, 128, 0.1, 0, 0.1, 128, 0.0001, 0.1, 16, 200, 0.0005, 8, 0.680856521359
0.001, 0.01, 0, 16, 10, 0, 0.01, 0, 8, 3, 0.01, 0.01, 0.05, 256, 0.001, 0.1, 0.05, 128, 0.0001, 0.001, 16, 200, 0.0001, 8, 0.641333075488
0.001, 0.1, 0.3, 16, 5, 0.1, 0.1, 0.05, 16, 3, 0.001, 0.01, 0.05, 256, 0.1, 0.001, 0.1, 128, 0.001, 0, 16, 200, 0.002, 15, 0.680475541164
0.001, 0.01, 0, 32, 10, 0.0001, 0.01, 0.1, 8, 8, 0.1, 0.001, 0.05, 256, 0.001, 0.0001, 0.1, 256, 0.001, 0.1, 64, 200, 0.0005, 15, 0.660086496712
0.0001, 0.01, 0.1, 32, 20, 0.01, 0.001, 0.1, 0, 8, 0.001, 0.0001, 0.05, 128, 0.01, 0.001, 0.05, 128, 0.001, 0.001, 64, 200, 0.001, 10, 0.693973080118
0.01, 0.01, 0, 32, 20, 0, 0.01, 0, 8, 3, 0.001, 0.1, 0.1, 128, 0.1, 0.01, 0.05, 256, 0.001, 0.001, 16, 200, 0.0005, 10, 0.688866287923
0.01, 0.01, 0, 16, 20, 0.1, 0.1, 0.1, 32, 8, 0.1, 0.01, 0.05, 256, 0.01, 0.001, 0.05, 256, 0.0001, 0.1, 16, 200, 0.002, 15, 0.68127129776
0, 0.1, 0.1, 8, 20, 0.001, 0.001, 0.05, 8, 3, 0.1, 0.0001, 0.05, 256, 0.001, 0, 0.1, 128, 0.0001, 0.001, 64, 200, 0.0005, 8, 0.702731257018
0.1, 0.0001, 0, 16, 20, 0.1, 0.0001, 0.05, 0, 5, 0.001, 0.0001, 0.05, 128, 0.01, 0.1, 0.05, 256, 0.001, 0, 16, 200, 0.001, 10, 0.687154534434
0.0001, 0.1, 0, 8, 20, 0, 0.1, 0, 8, 8, 0.1, 0, 0.1, 256, 0.1, 0.1, 0.1, 128, 0.0001, 0.01, 16, 200, 0.0005, 10, 0.670623966891
0.001, 0.1, 0.1, 32, 20, 0.01, 0.01, 0.05, 0, 8, 0.1, 0.0001, 0.05, 256, 0.001, 0.1, 0.05, 128, 1e-05, 0.1, 16, 200, 0.002, 10, 0.696675697844
0.0001, 0.01, 0, 32, 10, 0.01, 0.0001, 0.05, 16, 3, 0.01, 0.01, 0.05, 128, 0.01, 0.001, 0.05, 128, 0.0001, 0.001, 16, 200, 0.002, 15, 0.699083503202
0.0001, 0.001, 0.3, 32, 10, 0.01, 0.001, 0.1, 16, 5, 0.1, 0.01, 0.05, 256, 0.1, 0.01, 0.1, 128, 0, 0.1, 16, 200, 0.0001, 10, 0.730351597624
0.0001, 0.01, 0.1, 16, 20, 0.0001, 0.0001, 0, 0, 5, 0.1, 0.001, 0.05, 128, 0.1, 0, 0.1, 256, 0, 0.1, 16, 200, 0.0001, 15, 0.683514831719
0, 0.01, 0.05, 32, 10, 0.1, 0.1, 0.1, 16, 3, 0.1, 0.01, 0.1, 256, 0.001, 0.001, 0.05, 256, 1e-05, 0, 16, 200, 0.0005, 15, 0.695727904366
0.001, 0.001, 0.1, 8, 20, 0.0001, 0.01, 0, 8, 3, 0.001, 0, 0.1, 256, 0.1, 0.001, 0.05, 128, 1e-05, 0, 16, 200, 0.001, 15, 0.705210680338
0.01, 0.1, 0, 32, 5, 0.01, 0.001, 0.05, 8, 8, 0.001, 0, 0.05, 128, 0.01, 0, 0.1, 256, 0, 0.0001, 64, 200, 0.002, 8, 0.659451341159
0.1, 0.01, 0, 8, 20, 0, 0.0001, 0.05, 0, 5, 0.01, 0.0001, 0.1, 256, 0.1, 0.01, 0.1, 256, 0, 0.0001, 16, 200, 0.0001, 15, 0.656243832587
0.01, 0.0001, 0, 32, 5, 0.0001, 0.001, 0.1, 0, 8, 0.001, 0, 0.05, 256, 0.001, 0.01, 0.1, 128, 0, 0.01, 64, 200, 0.0001, 10, 0.635235497988
0.01, 0.1, 0, 16, 10, 0, 0.01, 0.1, 0, 8, 0.1, 0, 0.05, 128, 0.1, 0.01, 0.05, 256, 1e-05, 0.001, 64, 200, 0.0001, 8, 0.659782567657
0.001, 0.1, 0.1, 32, 5, 0.001, 0.1, 0.1, 0, 3, 0.1, 0.001, 0.05, 256, 0.01, 0.1, 0.1, 128, 0.001, 0, 16, 200, 0.0005, 10, 0.671166600561
0.0001, 0.0001, 0.05, 8, 20, 0.01, 0.001, 0, 16, 8, 0.001, 0.1, 0.1, 256, 0.01, 0.1, 0.1, 128, 0.0001, 0, 16, 200, 0.001, 15, 0.691225155217
0.001, 0.01, 0.05, 32, 10, 0.001, 0.0001, 0.05, 8, 5, 0.01, 0.1, 0.05, 256, 0.01, 0.01, 0.1, 256, 0.001, 0, 16, 200, 0.002, 8, 0.685410971204
0.01, 0.1, 0, 8, 5, 0.0001, 0.1, 0, 32, 5, 0.01, 0.001, 0.1, 128, 0.1, 0.0001, 0.05, 128, 0.001, 0.01, 16, 200, 0.0005, 8, 0.704044888834
0, 0.1, 0, 8, 10, 0.1, 0.1, 0.05, 16, 5, 0.1, 0.1, 0.05, 256, 0.01, 0.1, 0.05, 128, 0, 0, 16, 200, 0.0001, 10, 0.659881496216
0.001, 0.001, 0.3, 16, 5, 0, 0.01, 0, 32, 8, 0.1, 0.1, 0.05, 256, 0.01, 0.0001, 0.05, 256, 0.001, 0.01, 64, 200, 0.001, 15, 0.680360734045
0.01, 0.001, 0.05, 16, 10, 0.001, 0.001, 0, 32, 8, 0.1, 0.01, 0.05, 128, 0.01, 0.01, 0.1, 256, 0.001, 0.0001, 16, 200, 0.002, 8, 0.715454456357
0.1, 0.0001, 0, 32, 10, 0.0001, 0.1, 0.1, 16, 8, 0.01, 0.1, 0.1, 256, 0.1, 0.0001, 0.1, 256, 1e-05, 0, 64, 200, 0.0005, 15, 0.616562614082
0.0001, 0.1, 0.05, 8, 10, 0, 0.0001, 0.1, 16, 8, 0.1, 0, 0.05, 128, 0.1, 0.0001, 0.1, 256, 0, 0.001, 64, 200, 0.0001, 10, 0.678135486082
0.1, 0.1, 0.3, 16, 5, 0, 0.1, 0, 8, 5, 0.1, 0.001, 0.1, 256, 0.001, 0, 0.1, 256, 0.001, 0.0001, 16, 200, 0.0005, 15, 0.697454141943
0.0001, 0.1, 0.3, 8, 10, 0.0001, 0.0001, 0.05, 32, 8, 0.1, 0.01, 0.05, 256, 0.1, 0.01, 0.05, 256, 0, 0, 64, 200, 0.0001, 8, 0.672545943567
0.1, 0.1, 0.1, 32, 5, 0.1, 0.01, 0.1, 16, 3, 0.01, 0.001, 0.05, 128, 0.001, 0.0001, 0.1, 128, 0, 0.1, 64, 200, 0.001, 8, 0.711269054765
0.1, 0.001, 0, 8, 20, 0.01, 0.1, 0, 8, 8, 0.01, 0.01, 0.05, 128, 0.1, 0.01, 0.1, 128, 0.001, 0, 64, 200, 0.0005, 15, 0.693816530936
0.1, 0.001, 0.1, 32, 20, 0.1, 0.01, 0.1, 8, 5, 0.01, 0.01, 0.05, 128, 0.001, 0.1, 0.1, 128, 0, 0.0001, 16, 200, 0.0005, 8, 0.705504335031
0.1, 0.0001, 0.1, 16, 10, 0.1, 0.0001, 0.05, 0, 5, 0.001, 0.001, 0.1, 256, 0.001, 0, 0.1, 128, 0.0001, 0.01, 64, 200, 0.0005, 10, 0.677635554819
0.01, 0.001, 0.3, 8, 10, 0.1, 0.1, 0.1, 32, 3, 0.001, 0.01, 0.05, 128, 0.01, 0.1, 0.05, 128, 0.001, 0.001, 64, 200, 0.0005, 8, 0.723103094214
0, 0.1, 0.1, 16, 5, 0, 0.0001, 0.1, 16, 8, 0.01, 0.0001, 0.05, 256, 0.01, 0.0001, 0.05, 256, 0.0001, 0, 64, 200, 0.002, 15, 0.718236848389
0.1, 0.0001, 0.1, 16, 5, 0.001, 0.01, 0, 0, 8, 0.1, 0.0001, 0.05, 256, 0.1, 0.1, 0.05, 128, 1e-05, 0.001, 16, 200, 0.0001, 8, 0.657191218249
0.01, 0.01, 0.3, 16, 5, 0.1, 0.01, 0.05, 16, 5, 0.001, 0, 0.1, 256, 0.01, 0.01, 0.1, 256, 1e-05, 0.1, 16, 200, 0.0001, 15, 0.699878562563
0.1, 0.1, 0, 16, 5, 0, 0.1, 0, 32, 8, 0.001, 0.001, 0.05, 256, 0.1, 0.1, 0.05, 128, 0, 0.01, 64, 200, 0.0001, 15, 0.673105968668
0, 0.0001, 0, 8, 5, 0.1, 0.01, 0, 0, 5, 0.001, 0.0001, 0.05, 256, 0.001, 0, 0.05, 128, 0.001, 0, 64, 200, 0.0001, 8, 0.597795169208
0.0001, 0.01, 0, 32, 10, 0.0001, 0.1, 0.05, 32, 5, 0.1, 0, 0.05, 128, 0.001, 0.001, 0.05, 256, 0.0001, 0, 64, 200, 0.0001, 10, 0.655097234802
0.001, 0.0001, 0, 16, 5, 0.001, 0.1, 0.1, 0, 8, 0.01, 0.0001, 0.05, 256, 0.01, 0.01, 0.1, 128, 0, 0, 16, 200, 0.002, 15, 0.714456632917
0.0001, 0.01, 0.3, 8, 10, 0, 0.1, 0.05, 8, 5, 0.001, 0.01, 0.05, 128, 0.1, 0, 0.1, 256, 1e-05, 0.001, 64, 200, 0.0005, 10, 0.674305661621
0.01, 0.0001, 0.1, 16, 20, 0.1, 0.1, 0, 0, 8, 0.001, 0.01, 0.1, 128, 0.001, 0.1, 0.05, 128, 1e-05, 0.01, 16, 200, 0.001, 10, 0.709289483776
0.01, 0.01, 0, 16, 10, 0.01, 0.1, 0.1, 32, 8, 0.01, 0.0001, 0.1, 128, 0.001, 0, 0.05, 128, 0.0001, 0.01, 16, 200, 0.0005, 8, 0.676599054522
0.1, 0.1, 0.05, 8, 20, 0.001, 0.0001, 0.05, 0, 5, 0.1, 0.01, 0.05, 256, 0.001, 0, 0.05, 256, 0.0001, 0.0001, 16, 200, 0.002, 10, 0.702320861363
0.01, 0.01, 0.05, 16, 5, 0.0001, 0.01, 0.05, 8, 3, 0.1, 0.001, 0.05, 256, 0.01, 0.1, 0.1, 128, 1e-05, 0.1, 16, 200, 0.002, 8, 0.680455452878
0, 0.0001, 0.1, 16, 20, 0.0001, 0.001, 0.05, 0, 3, 0.001, 0.1, 0.05, 128, 0.1, 0.1, 0.05, 256, 0, 0.1, 16, 200, 0.0005, 8, 0.674219546415
0.001, 0.1, 0, 16, 5, 0.0001, 0.1, 0.05, 8, 8, 0.001, 0.001, 0.1, 256, 0.001, 0.1, 0.05, 256, 0.001, 0.001, 16, 200, 0.002, 8, 0.704771698013
0, 0.01, 0, 32, 10, 0.0001, 0.001, 0.1, 8, 8, 0.001, 0.0001, 0.05, 128, 0.001, 0.0001, 0.1, 256, 0, 0.1, 16, 200, 0.002, 10, 0.672187972155
0.1, 0.1, 0.1, 32, 20, 0.001, 0.0001, 0.1, 8, 5, 0.1, 0.0001, 0.05, 256, 0.01, 0.01, 0.1, 256, 1e-05, 0.001, 64, 200, 0.002, 8, 0.683427782481
0.0001, 0.1, 0.3, 32, 20, 0.01, 0.0001, 0.05, 32, 3, 0.1, 0, 0.1, 256, 0.1, 0.01, 0.1, 128, 0.001, 0.001, 64, 200, 0.002, 15, 0.682026246326
0.0001, 0.0001, 0.1, 32, 10, 0.0001, 0.001, 0.1, 32, 5, 0.01, 0, 0.05, 256, 0.01, 0.1, 0.1, 256, 0.0001, 0, 64, 200, 0.0005, 10, 0.719090383473
0.01, 0.1, 0.3, 32, 10, 0.0001, 0.001, 0.1, 8, 5, 0.01, 0.001, 0.05, 256, 0.1, 0.1, 0.1, 128, 0.001, 0.01, 16, 200, 0.0005, 8, 0.679800143262
0.01, 0.1, 0, 16, 20, 0.1, 0.0001, 0, 16, 3, 0.01, 0, 0.05, 256, 0.01, 0.01, 0.1, 256, 1e-05, 0.1, 16, 200, 0.001, 8, 0.677623543945
0.0001, 0.001, 0.3, 8, 20, 0.1, 0.001, 0.1, 16, 8, 0.001, 0.1, 0.1, 256, 0.1, 0, 0.05, 128, 1e-05, 0.0001, 64, 200, 0.0005, 8, 0.672630585369
0.0001, 0.001, 0, 16, 5, 0, 0.001, 0, 16, 8, 0.001, 0, 0.05, 128, 0.001, 0, 0.1, 128, 0.001, 0.0001, 16, 200, 0.002, 10, 0.64971790232
0.01, 0.01, 0.1, 32, 5, 0, 0.001, 0.05, 16, 5, 0.01, 0.1, 0.1, 256, 0.01, 0.0001, 0.1, 256, 0.001, 0.0001, 16, 200, 0.0005, 15, 0.739079990712
0.1, 0.1, 0.05, 8, 5, 0, 0.0001, 0.1, 16, 3, 0.01, 0.01, 0.05, 256, 0.01, 0.001, 0.1, 128, 0.0001, 0.01, 64, 200, 0.001, 15, 0.677323272088
0, 0.1, 0.3, 8, 5, 0.1, 0.0001, 0.1, 32, 8, 0.01, 0.001, 0.1, 256, 0.1, 0.1, 0.1, 128, 1e-05, 0, 16, 200, 0.0005, 15, 0.685255277122
0.1, 0.0001, 0.3, 16, 20, 0.0001, 0.001, 0.1, 8, 3, 0.01, 0.01, 0.1, 256, 0.01, 0, 0.05, 128, 0, 0.1, 64, 200, 0.002, 10, 0.691558723374
0, 0.1, 0.3, 16, 20, 0.1, 0.0001, 0.1, 0, 3, 0.01, 0.001, 0.1, 256, 0.001, 0.01, 0.1, 256, 0.001, 0, 64, 200, 0.002, 15, 0.720661242698
0, 0.01, 0.3, 8, 5, 0, 0.01, 0, 0, 5, 0.1, 0, 0.1, 128, 0.1, 0, 0.1, 128, 0.001, 0.001, 16, 200, 0.001, 15, 0.677321338246
0.01, 0.01, 0.05, 16, 10, 0.01, 0.01, 0.05, 32, 8, 0.01, 0, 0.05, 128, 0.1, 0.0001, 0.05, 256, 0, 0.01, 64, 200, 0.0005, 15, 0.705423508293
0, 0.1, 0, 16, 10, 0.001, 0.001, 0, 0, 5, 0.1, 0.1, 0.1, 256, 0.01, 0.1, 0.05, 128, 0.0001, 0, 64, 200, 0.001, 15, 0.653079250064
0.001, 0.1, 0.05, 16, 5, 0, 0.01, 0.05, 8, 5, 0.1, 0, 0.05, 256, 0.001, 0.001, 0.05, 128, 0, 0.0001, 64, 200, 0.0005, 8, 0.709275302262
0, 0.1, 0, 32, 10, 0.0001, 0.01, 0.1, 8, 8, 0.01, 0.01, 0.1, 128, 0.1, 0.1, 0.1, 128, 0.001, 0.01, 16, 200, 0.0001, 15, 0.650648659564
0.0001, 0.001, 0.3, 8, 20, 0, 0.01, 0.1, 32, 8, 0.1, 0.01, 0.05, 128, 0.001, 0.01, 0.1, 256, 1e-05, 0.01, 64, 200, 0.002, 8, 0.674531605504
0.1, 0.01, 0, 32, 10, 0.1, 0.01, 0, 8, 8, 0.001, 0.0001, 0.1, 256, 0.01, 0, 0.1, 256, 0.001, 0.0001, 64, 200, 0.0001, 15, 0.608935195874
0.001, 0.1, 0.05, 32, 5, 0, 0.0001, 0.1, 0, 5, 0.1, 0.1, 0.1, 128, 0.1, 0.0001, 0.05, 128, 0, 0.1, 64, 200, 0.001, 10, 0.744432249395
0.01, 0.1, 0, 8, 20, 0.0001, 0.1, 0.05, 8, 3, 0.001, 0.0001, 0.1, 256, 0.01, 0.01, 0.1, 128, 0.001, 0.0001, 64, 200, 0.001, 8, 0.703379133836
0.1, 0.1, 0.1, 32, 20, 0.01, 0.001, 0, 16, 3, 0.01, 0.001, 0.1, 128, 0.001, 0.001, 0.1, 128, 0, 0, 64, 200, 0.0005, 8, 0.711007236124
0.01, 0.1, 0.3, 16, 5, 0.0001, 0.01, 0.1, 16, 5, 0.01, 0.0001, 0.1, 256, 0.1, 0.1, 0.1, 256, 0.001, 0.1, 16, 200, 0.001, 8, 0.705947434994
0.01, 0.01, 0, 8, 20, 0.001, 0.0001, 0.05, 32, 3, 0.01, 0, 0.1, 256, 0.1, 0.01, 0.1, 128, 0.0001, 0.001, 16, 200, 0.0001, 8, 0.66926656708
0.001, 0.0001, 0.05, 16, 10, 0.1, 0.1, 0.05, 32, 5, 0.01, 0.01, 0.1, 128, 0.1, 0, 0.05, 128, 1e-05, 0.01, 64, 200, 0.001, 10, 0.698401461827
0.1, 0.0001, 0, 16, 5, 0.01, 0.001, 0, 8, 3, 0.001, 0.1, 0.05, 128, 0.01, 0.0001, 0.1, 256, 0, 0.01, 64, 200, 0.001, 10, 0.631470897967
0.001, 0.01, 0, 32, 20, 0, 0.001, 0.05, 32, 8, 0.001, 0.0001, 0.05, 256, 0.1, 0, 0.05, 128, 0.0001, 0.0001, 64, 200, 0.0001, 8, 0.636232860989
0.1, 0.1, 0.1, 8, 10, 0, 0.0001, 0.05, 32, 8, 0.1, 0.01, 0.05, 128, 0.001, 0.0001, 0.1, 256, 0, 0, 16, 200, 0.0001, 8, 0.661998541067
0.0001, 0.001, 0, 8, 20, 0, 0.0001, 0.05, 0, 5, 0.001, 0.1, 0.05, 128, 0.01, 0, 0.05, 256, 0.001, 0.1, 64, 200, 0.0001, 15, 0.686594627732
0.01, 0.001, 0.05, 32, 20, 0.1, 0.1, 0.1, 8, 3, 0.01, 0.1, 0.05, 256, 0.1, 0.01, 0.05, 256, 1e-05, 0.001, 64, 200, 0.0001, 8, 0.724345621129
0.1, 0.1, 0.05, 32, 10, 0, 0.0001, 0.05, 0, 8, 0.01, 0.0001, 0.1, 256, 0.01, 0.0001, 0.1, 128, 1e-05, 0.001, 16, 200, 0.0001, 8, 0.666840344171
0, 0.0001, 0, 8, 20, 0.01, 0.001, 0, 32, 3, 0.1, 0.01, 0.1, 128, 0.001, 0.001, 0.05, 256, 0, 0, 16, 200, 0.0001, 10, 0.646542611306
0.0001, 0.1, 0, 32, 20, 0.001, 0.001, 0.1, 32, 5, 0.01, 0, 0.05, 128, 0.001, 0, 0.1, 128, 0.0001, 0.01, 64, 200, 0.0001, 10, 0.686635909357
0.001, 0.1, 0, 16, 20, 0.1, 0.001, 0.1, 16, 3, 0.1, 0.0001, 0.1, 256, 0.001, 0.001, 0.1, 128, 0.001, 0.01, 64, 200, 0.0001, 10, 0.668506856262
0.01, 0.001, 0, 8, 10, 0.001, 0.1, 0, 8, 3, 0.1, 0.0001, 0.05, 256, 0.001, 0.0001, 0.1, 256, 0, 0.01, 64, 200, 0.001, 15, 0.681460538095
0.0001, 0.01, 0, 32, 10, 0.01, 0.1, 0, 0, 5, 0.1, 0.01, 0.1, 256, 0.001, 0, 0.1, 128, 0.0001, 0.0001, 16, 200, 0.0005, 10, 0.652433609662
0.001, 0.001, 0.05, 32, 20, 0.001, 0.001, 0, 8, 8, 0.001, 0.0001, 0.05, 128, 0.1, 0, 0.05, 256, 0, 0.0001, 64, 200, 0.001, 8, 0.662417198309
0.1, 0.01, 0, 8, 10, 0.001, 0.001, 0.1, 8, 3, 0.001, 0.001, 0.1, 256, 0.001, 0.0001, 0.1, 128, 0, 0.001, 64, 200, 0.001, 8, 0.687108569489
0.0001, 0.001, 0, 16, 5, 0.001, 0.1, 0.05, 0, 8, 0.1, 0.001, 0.05, 256, 0.1, 0.001, 0.05, 256, 0.001, 0.001, 16, 200, 0.001, 10, 0.704246153199
0.01, 0.001, 0.1, 16, 5, 0.0001, 0.01, 0, 32, 3, 0.01, 0.001, 0.05, 128, 0.1, 0.1, 0.05, 128, 0, 0.01, 64, 200, 0.0001, 8, 0.669203065996
0.001, 0.1, 0, 32, 20, 0.01, 0.01, 0.1, 32, 5, 0.001, 0.1, 0.1, 128, 0.001, 0, 0.05, 128, 0.001, 0.0001, 64, 200, 0.0001, 8, 0.601248591551
0.01, 0.001, 0.05, 32, 10, 0.0001, 0.001, 0.05, 0, 3, 0.01, 0.001, 0.1, 128, 0.001, 0, 0.05, 256, 0.0001, 0.01, 64, 200, 0.0005, 10, 0.688770595591
0, 0.01, 0, 16, 10, 0.1, 0.0001, 0.1, 8, 5, 0.01, 0, 0.1, 128, 0.001, 0, 0.05, 128, 0.0001, 0, 16, 200, 0.001, 10, 0.668455655471
0.01, 0.0001, 0, 32, 20, 0.1, 0.01, 0, 32, 5, 0.1, 0, 0.1, 256, 0.01, 0.001, 0.1, 128, 0, 0.1, 64, 200, 0.0005, 8, 0.695392178724
0.001, 0.1, 0, 8, 20, 0, 0.001, 0.05, 0, 5, 0.001, 0.0001, 0.05, 128, 0.001, 0.001, 0.05, 128, 0.001, 0.01, 16, 200, 0.001, 8, 0.655961688863
0, 0.01, 0, 8, 5, 0.001, 0.01, 0.1, 0, 3, 0.001, 0.0001, 0.05, 128, 0.01, 0.001, 0.05, 128, 0.001, 0.1, 64, 200, 0.001, 10, 0.640063264287
0.001, 0.01, 0.3, 32, 5, 0.001, 0.001, 0.05, 0, 3, 0.001, 0.01, 0.1, 128, 0.01, 0.01, 0.1, 256, 0.001, 0.01, 64, 200, 0.001, 8, 0.671577075148
0, 0.001, 0.05, 32, 20, 0.001, 0.0001, 0.1, 8, 3, 0.1, 0, 0.05, 256, 0.1, 0.1, 0.05, 256, 1e-05, 0.0001, 64, 200, 0.002, 8, 0.710279137717
0.001, 0.01, 0.3, 16, 10, 0.0001, 0.0001, 0.1, 0, 8, 0.01, 0.01, 0.05, 128, 0.001, 0.001, 0.1, 256, 0, 0, 16, 200, 0.002, 10, 0.732750523091
0.01, 0.001, 0, 16, 10, 0.01, 0.01, 0.1, 32, 8, 0.001, 0.01, 0.1, 128, 0.01, 0.0001, 0.05, 128, 0.0001, 0.001, 16, 200, 0.001, 10, 0.683482666782
0.0001, 0.001, 0, 32, 10, 0.01, 0.01, 0.1, 8, 8, 0.1, 0.1, 0.05, 256, 0.1, 0.001, 0.05, 256, 0, 0, 16, 200, 0.0005, 15, 0.721166238787
0.001, 0.001, 0.1, 8, 20, 0, 0.0001, 0.1, 16, 5, 0.001, 0.01, 0.1, 256, 0.001, 0.01, 0.1, 256, 1e-05, 0.001, 64, 200, 0.002, 10, 0.71553432275
0.1, 0.001, 0, 8, 5, 0.001, 0.1, 0.05, 16, 3, 0.001, 0.1, 0.05, 256, 0.01, 0.01, 0.05, 256, 0, 0.1, 64, 200, 0.001, 10, 0.736624457587
0, 0.1, 0, 32, 5, 0.1, 0.001, 0, 0, 3, 0.1, 0.0001, 0.05, 128, 0.001, 0.001, 0.1, 128, 0.001, 0.001, 16, 200, 0.001, 15, 0.718969090745
0, 0.0001, 0, 32, 20, 0.01, 0.001, 0, 0, 3, 0.1, 0.1, 0.05, 256, 0.001, 0.1, 0.05, 128, 0.001, 0, 64, 200, 0.0001, 15, 0.649784587009
0, 0.01, 0.1, 8, 5, 0, 0.0001, 0.05, 0, 8, 0.01, 0.0001, 0.05, 256, 0.001, 0.0001, 0.1, 128, 0.001, 0.01, 16, 200, 0.0001, 15, 0.642759317472
0.01, 0.0001, 0, 8, 5, 0.01, 0.001, 0.1, 16, 5, 0.001, 0.01, 0.1, 256, 0.01, 0.01, 0.05, 256, 0.0001, 0.0001, 16, 200, 0.0005, 10, 0.672944302037
0, 0.001, 0.3, 32, 10, 0.0001, 0.0001, 0.05, 0, 3, 0.01, 0.001, 0.1, 256, 0.01, 0.01, 0.05, 128, 0.0001, 0, 64, 200, 0.002, 15, 0.701841294649
0.1, 0.1, 0, 32, 20, 0.1, 0.001, 0.05, 8, 5, 0.1, 0.0001, 0.05, 128, 0.01, 0, 0.1, 128, 1e-05, 0, 64, 200, 0.001, 8, 0.696516215009
0.1, 0.1, 0, 32, 20, 0.0001, 0.01, 0.05, 16, 8, 0.001, 0.1, 0.05, 128, 0.001, 0.01, 0.1, 256, 0, 0.1, 16, 200, 0.0005, 8, 0.703134522449
0.1, 0.001, 0, 32, 5, 0.01, 0.01, 0.05, 0, 8, 0.01, 0.001, 0.1, 256, 0.001, 0.01, 0.05, 256, 0.0001, 0.01, 16, 200, 0.002, 8, 0.727891920549
0.01, 0.01, 0.05, 16, 5, 0.1, 0.1, 0, 8, 5, 0.1, 0.001, 0.05, 128, 0.1, 0.1, 0.1, 256, 0, 0.1, 64, 200, 0.0001, 8, 0.68103692127
0.1, 0.0001, 0, 16, 10, 0.0001, 0.001, 0, 8, 3, 0.001, 0.001, 0.05, 128, 0.1, 0.1, 0.05, 128, 1e-05, 0.0001, 64, 200, 0.0001, 10, 0.718906023789
0.1, 0.001, 0.1, 16, 20, 0.01, 0.01, 0, 0, 3, 0.001, 0.1, 0.1, 256, 0.001, 0.01, 0.05, 256, 1e-05, 0.1, 64, 200, 0.0001, 15, 0.647659662077
0.001, 0.0001, 0.05, 16, 20, 0, 0.0001, 0.05, 0, 5, 0.1, 0.001, 0.05, 256, 0.001, 0.1, 0.05, 128, 0.0001, 0.1, 16, 200, 0.001, 10, 0.678501324419
0.1, 0.0001, 0.1, 32, 20, 0.0001, 0.0001, 0.05, 16, 3, 0.001, 0.01, 0.05, 256, 0.001, 0.001, 0.1, 128, 0.001, 0.001, 64, 200, 0.002, 8, 0.702095825202
0.001, 0.01, 0.1, 16, 20, 0.001, 0.01, 0, 8, 8, 0.01, 0.001, 0.1, 256, 0.01, 0.001, 0.05, 128, 1e-05, 0.001, 16, 200, 0.002, 15, 0.715116639007
0.0001, 0.1, 0.1, 32, 5, 0.001, 0.0001, 0.05, 8, 3, 0.001, 0.0001, 0.1, 128, 0.1, 0.001, 0.05, 128, 0.001, 0, 16, 200, 0.0005, 8, 0.73693699027
0.001, 0.01, 0.1, 32, 20, 0.01, 0.1, 0.1, 0, 8, 0.001, 0.1, 0.05, 256, 0.1, 0, 0.1, 256, 0.001, 0.0001, 16, 200, 0.0001, 8, 0.623100081629
0.01, 0.1, 0.1, 8, 20, 0.0001, 0.1, 0, 32, 8, 0.001, 0.01, 0.1, 256, 0.1, 0.1, 0.1, 128, 0.0001, 0.01, 16, 200, 0.0001, 10, 0.659186391535
0.01, 0.001, 0.05, 16, 20, 0.01, 0.001, 0.05, 0, 5, 0.01, 0.0001, 0.05, 128, 0.001, 0.01, 0.1, 128, 1e-05, 0.1, 16, 200, 0.002, 8, 0.677122139277
0.0001, 0.001, 0.05, 32, 20, 0.01, 0.0001, 0.05, 0, 3, 0.1, 0.01, 0.05, 256, 0.01, 0.0001, 0.05, 128, 0.0001, 0.1, 64, 200, 0.0005, 10, 0.677628792947
0.01, 0.1, 0.3, 32, 5, 0, 0.1, 0.1, 32, 3, 0.01, 0, 0.05, 256, 0.1, 0.1, 0.1, 128, 0.001, 0, 64, 200, 0.002, 10, 0.691441771926
0.01, 0.01, 0, 8, 10, 0.01, 0.001, 0, 16, 3, 0.001, 0.01, 0.05, 128, 0.001, 0.001, 0.1, 128, 0.0001, 0.0001, 64, 200, 0.0005, 10, 0.662117294804
0, 0.01, 0.3, 8, 5, 0.0001, 0.001, 0.1, 16, 3, 0.001, 0.001, 0.05, 128, 0.001, 0.1, 0.05, 256, 0, 0.001, 64, 200, 0.0005, 10, 0.685016362021
0.0001, 0.1, 0.1, 32, 5, 0.1, 0.1, 0, 8, 3, 0.001, 0, 0.1, 128, 0.01, 0.001, 0.1, 256, 0, 0.01, 64, 200, 0.0001, 8, 0.730101145243
0.1, 0.1, 0.05, 16, 5, 0.001, 0.01, 0.05, 8, 3, 0.1, 0.01, 0.1, 128, 0.001, 0.01, 0.05, 128, 0, 0.01, 64, 200, 0.001, 8, 0.682346290738
0.001, 0.1, 0, 32, 10, 0.01, 0.001, 0, 16, 5, 0.01, 0.001, 0.05, 256, 0.001, 0.0001, 0.1, 256, 0, 0, 16, 200, 0.001, 10, 0.70712515844
